t,x,y,z,qx,qy,qz,qw,roll,pitch,yaw,vx,vy,vz,wx,wy,wz,ax,ay,az,alphax,alphay,alphaz
0,0.4,-0.2,0.3,0.0640713,-0.0911575,0.153439,0.981856,0.1,-0.2,0.3,0,0,0,-0,0,0,0,0,0,-0,0,0
0.00475,0.4,-0.2,0.300001,0.0640703,-0.0911572,0.153441,0.981856,0.0999976,-0.199999,0.300003,0.000114077,0.000243023,0.000368139,-0.00155749,5.58708e-05,0.00174979,0.0477146,0.101903,0.15409,-0.650552,0.0233368,0.730874
0.0095,0.400001,-0.199997,0.300005,0.0640628,-0.091155,0.153451,0.981855,0.0999811,-0.199994,0.300026,0.000450288,0.000964076,0.0014552,-0.00613092,0.000219931,0.0068879,0.0935337,0.201279,0.302716,-1.26996,0.0455563,1.42676
0.01425,0.400005,-0.19999,0.300016,0.0640428,-0.091149,0.153478,0.981853,0.0999371,-0.199978,0.300086,0.000999683,0.00215121,0.00323539,-0.0135735,0.000486915,0.0152494,0.13748,0.298151,0.445941,-1.85871,0.0666764,2.08821
0.019,0.400011,-0.199976,0.300036,0.0640046,-0.0911376,0.15353,0.981848,0.0998527,-0.19995,0.300201,0.00175342,0.00379258,0.00568319,-0.023741,0.000851644,0.0266722,0.179578,0.392538,0.583829,-2.41732,0.0867151,2.71579
0.02375,0.400022,-0.199953,0.300071,0.0639425,-0.0911191,0.153615,0.981841,0.0997158,-0.199903,0.300388,0.00270278,0.00587642,0.00877341,-0.0364912,0.00130902,0.0409967,0.21985,0.484463,0.716443,-2.94629,0.10569,3.31007
0.0285,0.400037,-0.199919,0.300121,0.0638514,-0.0910919,0.153739,0.98183,0.0995148,-0.199834,0.300662,0.00383914,0.00839111,0.0124811,-0.0516846,0.00185405,0.058066,0.258319,0.573946,0.843847,-3.44611,0.12362,3.8716
0.03325,0.400059,-0.199873,0.30019,0.0637263,-0.0910546,0.15391,0.981815,0.0992391,-0.199739,0.301038,0.005154,0.0113251,0.0167818,-0.0691839,0.00248179,0.077726,0.295009,0.661008,0.966104,-3.9173,0.140523,4.40096
0.038,0.400086,-0.199811,0.300281,0.0635627,-0.0910058,0.154133,0.981795,0.0988783,-0.199615,0.30153,0.00663894,0.0146669,0.0216511,-0.0888543,0.00318741,0.0998251,0.329942,0.745671,1.08328,-4.36034,0.156416,4.8987
0.04275,0.400122,-0.199733,0.300397,0.063356,-0.0909442,0.154415,0.981769,0.0984228,-0.199459,0.302152,0.0082857,0.0184052,0.027065,-0.110563,0.00396617,0.124214,0.363142,0.827956,1.19543,-4.77574,0.171317,5.36539
0.0475,0.400165,-0.199636,0.300539,0.0631023,-0.0908684,0.154761,0.981738,0.0978638,-0.199266,0.302915,0.0100861,0.0225287,0.0329999,-0.134181,0.00481338,0.150748,0.394633,0.907883,1.30263,-5.164,0.185245,5.80159
0.05225,0.400218,-0.199518,0.300711,0.0627977,-0.0907775,0.155176,0.981701,0.0971928,-0.199034,0.303831,0.012032,0.0270264,0.0394323,-0.159579,0.00572448,0.179282,0.424437,0.985475,1.40494,-5.52562,0.198217,6.20786
0.057,0.40028,-0.199378,0.300914,0.0624386,-0.0906703,0.155665,0.981656,0.0964022,-0.198759,0.30491,0.0141156,0.0318871,0.0463392,-0.186633,0.00669496,0.209676,0.452577,1.06075,1.50242,-5.86111,0.210252,6.58477
0.06175,0.400352,-0.199215,0.301152,0.0620216,-0.0905458,0.156233,0.981604,0.0954848,-0.19844,0.306163,0.0163289,0.0370999,0.0536977,-0.215219,0.00772042,0.241792,0.479077,1.13373,1.59513,-6.17096,0.221367,6.93288
0.0665,0.400435,-0.199025,0.301425,0.0615438,-0.0904031,0.156884,0.981543,0.0944341,-0.198072,0.307597,0.0186643,0.042654,0.0614855,-0.245217,0.00879652,0.275494,0.503961,1.20444,1.68314,-6.45568,0.23158,7.25275
0.07125,0.40053,-0.198809,0.301737,0.0610023,-0.0902412,0.157622,0.981474,0.0932442,-0.197654,0.309223,0.021114,0.0485385,0.0696802,-0.276509,0.00991903,0.310649,0.52725,1.2729,1.76652,-6.71576,0.24091,7.54495
0.076,0.400636,-0.198564,0.302088,0.0603945,-0.0900595,0.158449,0.981395,0.0919098,-0.197182,0.311046,0.0236707,0.054743,0.0782601,-0.308979,0.0110838,0.347128,0.548969,1.33913,1.84532,-6.95171,0.249374,7.81003
0.08075,0.400755,-0.198288,0.302481,0.059718,-0.0898572,0.15937,0.981306,0.0904259,-0.196654,0.313075,0.0263268,0.0612568,0.0872036,-0.342513,0.0122867,0.384803,0.569141,1.40315,1.9196,-7.16403,0.256991,8.04857
0.0855,0.400886,-0.197981,0.302917,0.0589708,-0.0896336,0.160386,0.981206,0.0887886,-0.196068,0.315313,0.0290751,0.0680694,0.0964893,-0.377,0.0135239,0.423548,0.587788,1.46498,1.98945,-7.35322,0.263777,8.26111
0.09025,0.401031,-0.197641,0.303398,0.058151,-0.0893881,0.161501,0.981094,0.086994,-0.195421,0.317768,0.0319084,0.0751706,0.106096,-0.412333,0.0147913,0.463243,0.604935,1.52464,2.0549,-7.51978,0.269752,8.44824
0.095,0.40119,-0.197267,0.303925,0.0572568,-0.0891202,0.162717,0.98097,0.0850391,-0.19471,0.320443,0.0348196,0.0825501,0.116004,-0.448403,0.0160853,0.503767,0.620604,1.58216,2.11604,-7.66421,0.274933,8.61051
0.09975,0.401362,-0.196856,0.3045,0.0562868,-0.0888294,0.164035,0.980833,0.0829214,-0.193933,0.323343,0.0378018,0.0901978,0.126192,-0.485108,0.017402,0.545004,0.634819,1.63755,2.17292,-7.78702,0.279339,8.74848
0.1045,0.401549,-0.196409,0.305124,0.0552398,-0.0885153,0.165457,0.980682,0.0806389,-0.193088,0.32647,0.0408481,0.0981035,0.13664,-0.522346,0.0187378,0.58684,0.647602,1.69084,2.22561,-7.8887,0.282986,8.86271
0.10925,0.40175,-0.195924,0.305799,0.0541148,-0.0881775,0.166984,0.980517,0.07819,-0.192172,0.329826,0.0439518,0.106257,0.147329,-0.560018,0.0200892,0.629163,0.658977,1.74205,2.27416,-7.96976,0.285894,8.95377
0.114,0.401966,-0.1954,0.306524,0.0529108,-0.0878158,0.168617,0.980335,0.0755738,-0.191184,0.333415,0.0471062,0.11465,0.158238,-0.598027,0.0214527,0.671865,0.668967,1.79119,2.31865,-8.03069,0.28808,9.02223
0.11875,0.402198,-0.194835,0.307302,0.0516273,-0.0874297,0.170356,0.980137,0.0727899,-0.19012,0.337236,0.0503049,0.123271,0.16935,-0.636279,0.0228248,0.71484,0.677596,1.83829,2.35914,-8.072,0.289562,9.06864
0.1235,0.402444,-0.194228,0.308133,0.0502637,-0.0870193,0.172203,0.979922,0.0698381,-0.188978,0.34129,0.0535413,0.13211,0.180644,-0.674681,0.0242024,0.757983,0.684886,1.88338,2.39569,-8.09419,0.290358,9.09357
0.12825,0.402706,-0.193579,0.309019,0.0488199,-0.0865842,0.174158,0.979688,0.0667192,-0.187757,0.345577,0.0568092,0.141159,0.192103,-0.713144,0.0255822,0.801195,0.690861,1.92647,2.42837,-8.09776,0.290486,9.09758
0.133,0.402984,-0.192887,0.309959,0.0472958,-0.0861245,0.176219,0.979435,0.063434,-0.186454,0.350096,0.0601024,0.150409,0.203707,-0.751581,0.026961,0.844378,0.695544,1.96758,2.45723,-8.08321,0.289964,9.08123
0.13775,0.403277,-0.19215,0.310954,0.0456914,-0.08564,0.178387,0.979161,0.0599839,-0.185067,0.354846,0.0634148,0.159848,0.21544,-0.789907,0.0283358,0.887436,0.698958,2.00673,2.48235,-8.05104,0.28881,9.04509
0.1425,0.403587,-0.191368,0.312006,0.044007,-0.0851308,0.180661,0.978865,0.056371,-0.183593,0.359826,0.0667405,0.16947,0.227284,-0.828039,0.0297037,0.930276,0.701127,2.04395,2.50378,-8.00176,0.287042,8.98972
0.14725,0.403911,-0.19054,0.313113,0.0422432,-0.0845969,0.183041,0.978547,0.0525974,-0.182032,0.365032,0.0700736,0.179263,0.23922,-0.865897,0.0310618,0.972809,0.702074,2.07926,2.52159,-7.93586,0.284678,8.91569
0.152,0.404252,-0.189665,0.314278,0.0404004,-0.0840384,0.185524,0.978206,0.0486659,-0.180381,0.370461,0.0734083,0.189219,0.251233,-0.903404,0.0324072,1.01495,0.701821,2.11267,2.53584,-7.85384,0.281736,8.82355
0.15675,0.404609,-0.188742,0.3155,0.0384795,-0.0834554,0.188111,0.977839,0.0445798,-0.178637,0.376111,0.0767391,0.19933,0.263305,-0.940484,0.0337374,1.0566,0.700392,2.14421,2.5466,-7.75621,0.278234,8.71386
0.1615,0.404981,-0.187771,0.31678,0.0364814,-0.0828483,0.190798,0.977446,0.0403424,-0.1768,0.381977,0.0800602,0.209587,0.27542,-0.977064,0.0350496,1.0977,0.697811,2.1739,2.55392,-7.64347,0.274189,8.5872
0.16625,0.405369,-0.186751,0.318117,0.0344073,-0.0822171,0.193585,0.977027,0.0359577,-0.174868,0.388054,0.0833665,0.219979,0.287562,-1.01307,0.0363413,1.13816,0.6941,2.20176,2.55788,-7.51612,0.269621,8.44413
0.171,0.405773,-0.185681,0.319512,0.0322582,-0.0815621,0.196469,0.976579,0.0314299,-0.172839,0.394339,0.0866524,0.2305,0.299715,-1.04844,0.0376102,1.1779,0.689283,2.22782,2.55854,-7.37466,0.264546,8.2852
0.17575,0.406193,-0.184561,0.320964,0.0300357,-0.0808838,0.199449,0.976102,0.0267637,-0.170711,0.400824,0.0899129,0.241141,0.311863,-1.08311,0.0388538,1.21684,0.683382,2.25209,2.55596,-7.21959,0.258984,8.11098
0.1805,0.406627,-0.18339,0.322474,0.0277412,-0.0801824,0.202521,0.975595,0.021964,-0.168484,0.407505,0.0931429,0.251892,0.323992,-1.11701,0.0400698,1.25493,0.676422,2.27459,2.5502,-7.05141,0.252951,7.92204
0.18525,0.407077,-0.182168,0.324042,0.0253765,-0.0794584,0.205683,0.975057,0.017036,-0.166155,0.414375,0.0963373,0.262747,0.336085,-1.15008,0.0412561,1.29208,0.668425,2.29535,2.54133,-6.87062,0.246465,7.71893
0.19,0.407542,-0.180894,0.325667,0.0229432,-0.0787121,0.208933,0.974487,0.0119851,-0.163726,0.421428,0.0994913,0.273696,0.348129,-1.18226,0.0424105,1.32823,0.659415,2.31438,2.52941,-6.67773,0.239546,7.50222
0.19475,0.408022,-0.179567,0.327349,0.0204434,-0.0779442,0.212268,0.973884,0.00681727,-0.161193,0.428657,0.1026,0.284731,0.36011,-1.2135,0.0435311,1.36333,0.649415,2.33171,2.5145,-6.47323,0.23221,7.27248
0.1995,0.408517,-0.178189,0.329088,0.017879,-0.077155,0.215684,0.973246,0.00153839,-0.158558,0.436054,0.105659,0.295844,0.372013,-1.24374,0.0446159,1.3973,0.638447,2.34736,2.49667,-6.25764,0.224476,7.03026
0.20425,0.409026,-0.176757,0.330883,0.0152522,-0.0763452,0.219178,0.972574,-0.00384527,-0.155818,0.443613,0.108664,0.307028,0.383824,-1.27293,0.045663,1.4301,0.626536,2.36135,2.47599,-6.03143,0.216362,6.77613
0.209,0.409549,-0.175272,0.332734,0.0125653,-0.0755154,0.222748,0.971866,-0.00932725,-0.152975,0.451324,0.11161,0.318274,0.39553,-1.30102,0.0466708,1.46166,0.613704,2.3737,2.45251,-5.79513,0.207885,6.51065
0.21375,0.410086,-0.173733,0.33464,0.00982069,-0.0746662,0.226389,0.971121,-0.0149009,-0.150029,0.459181,0.114493,0.329576,0.407118,-1.32797,0.0476374,1.49193,0.599975,2.38444,2.42629,-5.54923,0.199064,6.23438
0.2185,0.410637,-0.172141,0.336601,0.00702082,-0.0737983,0.230097,0.97034,-0.0205595,-0.146978,0.467174,0.117308,0.340924,0.418576,-1.35373,0.0485613,1.52087,0.585372,2.39357,2.39742,-5.29422,0.189916,5.9479
0.22325,0.411201,-0.170494,0.338617,0.00416829,-0.0729123,0.23387,0.969521,-0.026296,-0.143825,0.475295,0.120052,0.352312,0.42989,-1.37825,0.0494411,1.54842,0.569917,2.40113,2.36593,-5.03062,0.18046,5.65175
0.228,0.411777,-0.168794,0.340685,0.00126577,-0.0720091,0.237703,0.968664,-0.0321035,-0.140569,0.483536,0.122721,0.363732,0.441048,-1.4015,0.0502753,1.57455,0.553635,2.40714,2.33191,-4.75893,0.170714,5.34651
0.23275,0.412366,-0.167039,0.342806,-0.00168398,-0.0710894,0.241593,0.967769,-0.0379747,-0.137213,0.491887,0.125311,0.375177,0.452039,-1.42345,0.0510625,1.5992,0.536549,2.41161,2.29541,-4.47963,0.160695,5.03273
0.2375,0.412968,-0.165229,0.344979,-0.00467812,-0.0701539,0.245534,0.966835,-0.0439024,-0.133756,0.500339,0.127817,0.38664,0.462851,-1.44405,0.0518015,1.62234,0.518681,2.41457,2.25649,-4.19325,0.150422,4.71098
0.24225,0.41358,-0.163366,0.347203,-0.00771371,-0.0692036,0.249524,0.965862,-0.0498794,-0.1302,0.508884,0.130237,0.398113,0.473472,-1.46327,0.0524911,1.64394,0.500055,2.41604,2.21523,-3.90027,0.139912,4.38183
0.247,0.414205,-0.161447,0.349477,-0.0107878,-0.0682393,0.253558,0.96485,-0.0558983,-0.126548,0.517512,0.132566,0.40959,0.483892,-1.48109,0.0531303,1.66396,0.480694,2.41604,2.17168,-3.60119,0.129183,4.04583
0.25175,0.41484,-0.159474,0.3518,-0.0138972,-0.0672619,0.257632,0.963799,-0.0619517,-0.122802,0.526213,0.134802,0.421064,0.494099,-1.49748,0.053718,1.68237,0.460622,2.41459,2.1259,-3.29653,0.118254,3.70355
0.2565,0.415485,-0.157447,0.35417,-0.017039,-0.0662722,0.26174,0.96271,-0.0680324,-0.118963,0.534978,0.136941,0.432527,0.504084,-1.5124,0.0542534,1.69914,0.439861,2.41171,2.07797,-2.98677,0.107143,3.35555
0.26125,0.41614,-0.155366,0.356588,-0.0202099,-0.0652713,0.26588,0.961581,-0.074133,-0.115034,0.543797,0.13898,0.443973,0.513837,-1.52584,0.0547356,1.71424,0.418435,2.40743,2.02794,-2.67243,0.0958663,3.00239
0.266,0.416805,-0.153229,0.359052,-0.0234066,-0.0642601,0.270047,0.960415,-0.0802462,-0.111019,0.552662,0.140915,0.455395,0.523346,-1.53778,0.0551639,1.72765,0.396367,2.40176,1.97588,-2.354,0.0844434,2.64464
0.27075,0.417479,-0.151039,0.36156,-0.026626,-0.0632395,0.274236,0.959211,-0.0863649,-0.10692,0.561562,0.142745,0.466787,0.532604,-1.5482,0.0555376,1.73936,0.37368,2.39473,1.92185,-2.03198,0.0728918,2.28286
0.2755,0.418161,-0.148795,0.364111,-0.0298647,-0.0622106,0.278443,0.957971,-0.0924819,-0.102741,0.570489,0.144464,0.478143,0.541601,-1.55708,0.0558562,1.74933,0.350397,2.38635,1.86592,-1.70687,0.0612296,1.91762
0.28025,0.418851,-0.146497,0.366704,-0.0331193,-0.0611744,0.282663,0.956694,-0.0985902,-0.0984863,0.579432,0.146072,0.489455,0.550328,-1.56441,0.0561192,1.75757,0.326542,2.37665,1.80814,-1.37918,0.0494746,1.54947
0.285,0.419549,-0.144145,0.369339,-0.0363866,-0.060132,0.286891,0.955381,-0.104683,-0.094159,0.588382,0.147566,0.500719,0.558775,-1.57018,0.0563261,1.76405,0.302138,2.36565,1.74859,-1.04941,0.0376448,1.17898
0.28975,0.420253,-0.14174,0.372012,-0.0396632,-0.0590843,0.291125,0.954035,-0.110753,-0.0897636,0.597331,0.148942,0.511927,0.566936,-1.57438,0.0564767,1.76877,0.277208,2.35337,1.68732,-0.718055,0.0257583,0.806713
0.2945,0.420963,-0.139282,0.374724,-0.0429456,-0.0580325,0.295358,0.952655,-0.116794,-0.0853047,0.606268,0.150198,0.523074,0.574802,-1.577,0.0565707,1.77171,0.251775,2.33983,1.6244,-0.385619,0.0138331,0.433231
0.29925,0.42168,-0.136771,0.377472,-0.0462304,-0.0569777,0.299587,0.951243,-0.1228,-0.0807871,0.615186,0.151333,0.534154,0.582366,-1.57804,0.0566081,1.77288,0.225863,2.32506,1.5599,-0.0526017,0.00188695,0.0590964
0.304,0.422401,-0.134208,0.380256,-0.0495143,-0.0559208,0.303807,0.949801,-0.128764,-0.0762156,0.624074,0.152343,0.54516,0.589619,-1.5775,0.0565887,1.77227,0.199494,2.30906,1.49387,0.280494,-0.010062,-0.315127
0.30875,0.423127,-0.131592,0.383073,-0.0527938,-0.0548631,0.308013,0.94833,-0.13468,-0.0715954,0.632924,0.153227,0.556088,0.596555,-1.57538,0.0565125,1.76989,0.172693,2.29187,1.42638,0.613168,-0.0219958,-0.688876
0.3135,0.423856,-0.128925,0.385923,-0.0560656,-0.0538056,0.312202,0.946832,-0.140542,-0.066932,0.641728,0.153983,0.566931,0.603167,-1.57168,0.0563797,1.76573,0.145481,2.27351,1.35749,0.944919,-0.0338965,-1.06159
0.31825,0.424589,-0.126207,0.388803,-0.0593264,-0.0527494,0.31637,0.945308,-0.146344,-0.0622309,0.650476,0.154609,0.577684,0.609449,-1.5664,0.0561906,1.7598,0.117883,2.254,1.28728,1.27525,-0.0457461,-1.4327
0.323,0.425325,-0.123437,0.391712,-0.0625726,-0.0516956,0.320511,0.943761,-0.152081,-0.0574978,0.659161,0.155103,0.588342,0.615395,-1.55956,0.0559453,1.75212,0.0899207,2.23335,1.21579,1.60365,-0.0575266,-1.80165
0.32775,0.426063,-0.120617,0.394649,-0.0658012,-0.0506454,0.324623,0.942192,-0.157748,-0.0527387,0.667774,0.155463,0.598899,0.620997,-1.55117,0.0556442,1.74269,0.0616186,2.21159,1.14309,1.92962,-0.0692201,-2.16787
0.3325,0.426802,-0.117748,0.397611,-0.0690087,-0.0495998,0.3287,0.940603,-0.163339,-0.0479596,0.676307,0.155687,0.609351,0.626252,-1.54124,0.0552878,1.73153,0.0329995,2.18874,1.06926,2.25267,-0.0808086,-2.5308
0.33725,0.427541,-0.114829,0.400597,-0.0721919,-0.04856,0.332739,0.938997,-0.168849,-0.0431666,0.684753,0.155776,0.619691,0.631154,-1.52978,0.0548767,1.71866,0.00408662,2.16482,0.994344,2.57229,-0.0922741,-2.88989
0.342,0.428281,-0.111861,0.403606,-0.0753476,-0.0475269,0.336736,0.937376,-0.174274,-0.0383661,0.693104,0.155726,0.629915,0.635697,-1.51681,0.0544115,1.70409,-0.0250969,2.13986,0.918415,2.88798,-0.103599,-3.24455
0.34675,0.429021,-0.108845,0.406636,-0.0784727,-0.0465018,0.340687,0.935741,-0.17961,-0.0335644,0.701352,0.155537,0.640018,0.639877,-1.50235,0.0538928,1.68784,-0.0545279,2.11387,0.841534,3.19924,-0.114764,-3.59424
0.3515,0.429759,-0.105781,0.409685,-0.0815642,-0.0454857,0.344589,0.934097,-0.184852,-0.0287679,0.709491,0.155208,0.649995,0.64369,-1.48642,0.0533215,1.66995,-0.084183,2.08687,0.763765,3.50556,-0.125753,-3.93839
0.35625,0.430495,-0.10267,0.41275,-0.0846189,-0.0444796,0.348437,0.932445,-0.189997,-0.0239831,0.717513,0.154737,0.659841,0.647131,-1.46905,0.0526984,1.65044,-0.114039,2.05889,0.685172,3.80646,-0.136547,-4.27643
0.361,0.431228,-0.0995127,0.415832,-0.0876339,-0.0434846,0.352229,0.930787,-0.19504,-0.0192166,0.725412,0.154124,0.669553,0.650198,-1.45027,0.0520246,1.62933,-0.144073,2.02994,0.605818,4.10141,-0.147127,-4.60781
0.36575,0.431959,-0.0963096,0.418927,-0.0906063,-0.0425017,0.355961,0.929126,-0.199978,-0.0144749,0.733182,0.153368,0.679124,0.652886,-1.4301,0.0513011,1.60667,-0.174261,2.00006,0.525766,4.38994,-0.157477,-4.93196
0.3705,0.432685,-0.0930613,0.422033,-0.0935334,-0.041532,0.35963,0.927466,-0.204809,-0.00976441,0.740815,0.152468,0.688552,0.655192,-1.40858,0.050529,1.58249,-0.204581,1.96925,0.445081,4.67153,-0.167579,-5.24831
0.37525,0.433407,-0.0897686,0.42515,-0.0964123,-0.0405763,0.363232,0.925808,-0.209528,-0.00509177,0.748307,0.151424,0.697831,0.657113,-1.38573,0.0497095,1.55683,-0.235009,1.93755,0.363826,4.94568,-0.177413,-5.55631
0.38,0.434123,-0.0864321,0.428275,-0.0992406,-0.0396358,0.366765,0.924156,-0.214134,-0.000463389,0.755651,0.150235,0.706957,0.658647,-1.36161,0.048844,1.52972,-0.265522,1.90496,0.282064,5.21189,-0.186963,-5.85539
0.38475,0.434834,-0.0830527,0.431407,-0.102016,-0.0387112,0.370225,0.922512,-0.218624,0.00411435,0.762842,0.148902,0.715927,0.659792,-1.33623,0.0479339,1.50122,-0.296096,1.87152,0.199859,5.46966,-0.19621,-6.14499
0.3895,0.435538,-0.0796311,0.434543,-0.104735,-0.0378036,0.373611,0.920878,-0.222995,0.00863513,0.769874,0.147422,0.724735,0.660545,-1.30966,0.0469805,1.47136,-0.326709,1.83724,0.117274,5.71849,-0.205136,-6.42455
0.39425,0.436234,-0.076168,0.437681,-0.107396,-0.0369138,0.376919,0.919258,-0.227246,0.0130928,0.776743,0.145798,0.733379,0.660906,-1.28192,0.0459856,1.4402,-0.357337,1.80215,0.0343736,5.95788,-0.213723,-6.69349
0.399,0.436923,-0.0726642,0.440821,-0.109997,-0.0360427,0.380147,0.917655,-0.231375,0.0174812,0.783445,0.144028,0.741854,0.660871,-1.25307,0.0449507,1.40779,-0.387958,1.76626,-0.0487792,6.18732,-0.221954,-6.95127
0.40375,0.437602,-0.0691206,0.443959,-0.112535,-0.035191,0.383293,0.91607,-0.23538,0.0217944,0.789974,0.142112,0.750157,0.660442,-1.22316,0.0438776,1.37418,-0.418547,1.7296,-0.132121,6.40633,-0.22981,-7.19731
0.4085,0.438272,-0.065538,0.447094,-0.115009,-0.0343596,0.386354,0.914507,-0.239259,0.0260268,0.796326,0.140052,0.758284,0.659616,-1.19223,0.0427681,1.33943,-0.449081,1.69218,-0.215588,6.61438,-0.237274,-7.43105
0.41325,0.438933,-0.0619172,0.450225,-0.117416,-0.0335492,0.389328,0.912968,-0.243012,0.0301726,0.802499,0.137846,0.766232,0.658394,-1.16034,0.0416242,1.30361,-0.479539,1.65404,-0.299116,6.81099,-0.244326,-7.65194
0.418,0.439582,-0.0582591,0.453349,-0.119755,-0.0327606,0.392214,0.911457,-0.246638,0.0342266,0.808487,0.135496,0.773997,0.656774,-1.12755,0.0404477,1.26676,-0.509895,1.61519,-0.382643,6.99566,-0.250951,-7.8594
0.42275,0.44022,-0.0545645,0.456464,-0.122025,-0.0319943,0.395011,0.909974,-0.250136,0.0381835,0.814288,0.133002,0.781575,0.654759,-1.0939,0.0392409,1.22897,-0.540127,1.57565,-0.466104,7.16787,-0.257128,-8.05288
0.4275,0.440845,-0.0508344,0.459568,-0.124223,-0.031251,0.397715,0.908523,-0.253505,0.0420383,0.819899,0.130365,0.788964,0.652347,-1.05947,0.0380057,1.19028,-0.570213,1.53544,-0.549437,7.32713,-0.262842,-8.23181
0.43225,0.441458,-0.0470697,0.46266,-0.126348,-0.0305313,0.400326,0.907107,-0.256745,0.0457866,0.825317,0.127586,0.796161,0.649539,-1.02432,0.0367446,1.15079,-0.600127,1.49458,-0.632576,7.47295,-0.268072,-8.39563
0.437,0.442057,-0.0432712,0.465738,-0.128399,-0.0298357,0.402844,0.905726,-0.259856,0.0494237,0.83054,0.124664,0.803162,0.646338,-0.9885,0.0354598,1.11055,-0.629848,1.4531,-0.71546,7.60481,-0.272803,-8.54377
0.44175,0.442642,-0.03944,0.4688,-0.130375,-0.0291647,0.405266,0.904385,-0.262837,0.0529456,0.835566,0.121602,0.809964,0.642743,-0.952093,0.0341538,1.06965,-0.659352,1.41102,-0.798024,7.72222,-0.277014,-8.67567
0.4465,0.443212,-0.0355769,0.471844,-0.132275,-0.0285188,0.407592,0.903083,-0.26569,0.0563485,0.840392,0.118401,0.816565,0.638757,-0.915163,0.0328291,1.02816,-0.688617,1.36835,-0.880205,7.82467,-0.28069,-8.79078
0.45125,0.443766,-0.0316829,0.474867,-0.134098,-0.0278982,0.409821,0.901824,-0.268414,0.0596288,0.845019,0.115061,0.822963,0.634382,-0.877783,0.0314881,0.986162,-0.717617,1.32512,-0.961939,7.91167,-0.28381,-8.88852
0.456,0.444305,-0.0277591,0.47787,-0.135843,-0.0273034,0.411952,0.900609,-0.271011,0.0627834,0.849444,0.111584,0.829153,0.629619,-0.840027,0.0301338,0.943745,-0.746332,1.28136,-1.04316,7.98272,-0.286359,-8.96833
0.46075,0.444826,-0.0238063,0.480848,-0.13751,-0.0267346,0.413986,0.89944,-0.27348,0.0658094,0.853666,0.107971,0.835135,0.624473,-0.801973,0.0287687,0.900992,-0.774736,1.23707,-1.12381,8.0373,-0.288317,-9.02966
0.4655,0.44533,-0.0198256,0.483801,-0.139098,-0.026192,0.415922,0.898318,-0.275823,0.0687045,0.857687,0.104224,0.840905,0.618944,-0.7637,0.0273957,0.857993,-0.802808,1.19228,-1.20382,8.07493,-0.289667,-9.07193
0.47025,0.445816,-0.015818,0.486728,-0.140608,-0.0256758,0.41776,0.897244,-0.27804,0.0714664,0.861504,0.100345,0.846461,0.613037,-0.725289,0.0260178,0.81484,-0.830523,1.14702,-1.28314,8.0951,-0.29039,-9.09459
0.475,0.446283,-0.0117846,0.489625,-0.142038,-0.0251861,0.419501,0.89622,-0.280134,0.0740934,0.86512,0.0963351,0.851801,0.606756,-0.686825,0.024638,0.771626,-0.85786,1.1013,-1.36168,8.0973,-0.290469,-9.09707
0.47975,0.446731,-0.00772628,0.492491,-0.14339,-0.024723,0.421144,0.895246,-0.282106,0.0765843,0.868534,0.0921962,0.856922,0.600103,-0.648394,0.0232594,0.72845,-0.884793,1.05514,-1.4394,8.08105,-0.289886,-9.07881
0.4845,0.447159,-0.00364417,0.495325,-0.144663,-0.0242863,0.422691,0.894324,-0.283956,0.0789382,0.871748,0.0879303,0.861824,0.593083,-0.610085,0.0218852,0.685411,-0.911301,1.00857,-1.51623,8.04583,-0.288623,-9.03924
0.48925,0.447566,0.000460693,0.498125,-0.145859,-0.023876,0.424141,0.893453,-0.285688,0.0811545,0.874764,0.0835395,0.866503,0.5857,-0.571989,0.0205186,0.642612,-0.93736,0.96161,-1.5921,7.99115,-0.286661,-8.97781
0.494,0.447952,0.00458725,0.500889,-0.146977,-0.023492,0.425497,0.892635,-0.287302,0.0832331,0.877583,0.0790261,0.870958,0.577959,-0.534201,0.019163,0.600158,-0.962947,0.914277,-1.66695,7.9165,-0.283984,-8.89394
0.49875,0.448317,0.00873444,0.503615,-0.148019,-0.023134,0.42676,0.89187,-0.288802,0.0851746,0.880207,0.0743923,0.875188,0.569866,-0.496815,0.0178219,0.558156,-0.988038,0.866593,-1.74072,7.82139,-0.280572,-8.78709
0.5035,0.448659,0.0129012,0.506302,-0.148985,-0.0228017,0.42793,0.891157,-0.29019,0.0869796,0.882641,0.0696406,0.879191,0.561424,-0.459931,0.0164988,0.516718,-1.01261,0.81858,-1.81335,7.70531,-0.276408,-8.65667
0.50825,0.448978,0.0170864,0.508948,-0.149876,-0.0224948,0.429009,0.890496,-0.291467,0.0886496,0.884886,0.0647734,0.882964,0.552641,-0.423649,0.0151973,0.475956,-1.03664,0.770259,-1.88476,7.56776,-0.271473,-8.50214
0.513,0.449274,0.021289,0.511551,-0.150695,-0.0222128,0.429999,0.889886,-0.292638,0.0901862,0.886947,0.0597934,0.886508,0.543521,-0.388072,0.013921,0.435987,-1.06011,0.72165,-1.9549,7.40824,-0.265751,-8.32293
0.51775,0.449546,0.0255078,0.514111,-0.151443,-0.0219552,0.430903,0.889329,-0.293704,0.0915917,0.888828,0.0547033,0.889819,0.534071,-0.353306,0.0126739,0.396928,-1.08298,0.672776,-2.02371,7.22625,-0.259223,-8.11847
0.5225,0.449794,0.0297419,0.516625,-0.152121,-0.0217214,0.431723,0.888821,-0.294669,0.0928688,0.890534,0.049506,0.892899,0.524298,-0.319459,0.0114597,0.358902,-1.10525,0.623657,-2.09111,7.02129,-0.25187,-7.8882
0.52725,0.450016,0.03399,0.519091,-0.152732,-0.0215108,0.432461,0.888363,-0.295537,0.0940206,0.892069,0.0442044,0.895744,0.514208,-0.286641,0.0102825,0.322032,-1.12688,0.574314,-2.15705,6.79285,-0.243676,-7.63156
0.532,0.450213,0.0382511,0.521509,-0.153277,-0.0213226,0.43312,0.887952,-0.296311,0.095051,0.893441,0.0388016,0.898354,0.503808,-0.254965,0.00914618,0.286445,-1.14785,0.524768,-2.22147,6.54045,-0.234621,-7.34799
0.53675,0.450385,0.042524,0.523877,-0.15376,-0.021156,0.433703,0.887588,-0.296996,0.095964,0.894654,0.0333009,0.900729,0.493107,-0.224545,0.00805497,0.25227,-1.16815,0.475041,-2.28429,6.26356,-0.224689,-7.03692
0.5415,0.45053,0.0468076,0.526193,-0.154183,-0.02101,0.434213,0.887269,-0.297594,0.0967644,0.895717,0.0277054,0.902867,0.48211,-0.1955,0.00701306,0.219639,-1.18773,0.425154,-2.34546,5.9617,-0.21386,-6.69779
0.54625,0.450648,0.0511009,0.528456,-0.154549,-0.0208837,0.434654,0.886992,-0.298111,0.0974573,0.896636,0.0220185,0.904768,0.470828,-0.167949,0.00602474,0.188686,-1.20659,0.375127,-2.40491,5.63436,-0.202118,-6.33003
0.551,0.450739,0.0554026,0.530666,-0.154861,-0.020776,0.43503,0.886755,-0.298551,0.0980486,0.897419,0.0162439,0.90643,0.459267,-0.142015,0.00509441,0.159549,-1.2247,0.324982,-2.46258,5.28105,-0.189444,-5.93309
0.55575,0.450802,0.0597116,0.532819,-0.155122,-0.0206857,0.435345,0.886557,-0.29892,0.0985443,0.898076,0.0103851,0.907855,0.447436,-0.117821,0.00422653,0.132369,-1.24204,0.274741,-2.5184,4.90125,-0.17582,-5.50641
0.5605,0.450837,0.0640268,0.534916,-0.155336,-0.0206117,0.435604,0.886394,-0.299223,0.0989514,0.898614,0.00444578,0.90904,0.435345,-0.0954958,0.00342566,0.107287,-1.25858,0.224423,-2.57232,4.49448,-0.161228,-5.04941
0.56525,0.450844,0.0683471,0.536954,-0.155508,-0.0205524,0.435811,0.886264,-0.299464,0.099277,0.899045,-0.00157012,0.909987,0.423002,-0.0751674,0.00269643,0.0844482,-1.2743,0.174051,-2.62426,4.06022,-0.14565,-4.56153
0.57,0.450822,0.0726713,0.538934,-0.15564,-0.0205066,0.43597,0.886163,-0.299651,0.099529,0.899378,-0.0076587,0.910694,0.410418,-0.056968,0.00204358,0.0640018,-1.28917,0.123645,-2.67417,3.59798,-0.129068,-4.04222
0.57475,0.450771,0.0769983,0.540853,-0.155739,-0.0204726,0.436089,0.886089,-0.299789,0.0997157,0.899624,-0.0138159,0.911161,0.397601,-0.0410317,0.0014719,0.0460978,-1.30318,0.0732263,-2.72197,3.10725,-0.111465,-3.4909
0.5795,0.450691,0.0813269,0.542711,-0.155807,-0.020449,0.436171,0.886036,-0.299886,0.099846,0.899797,-0.0200375,0.911389,0.384562,-0.027495,0.00098631,0.0308898,-1.3163,0.0228164,-2.76762,2.58754,-0.0928213,-2.90703
0.58425,0.450581,0.0856561,0.544506,-0.155851,-0.0204338,0.436224,0.886003,-0.299948,0.0999293,0.899907,-0.0263192,0.911378,0.371312,-0.0164967,0.000591776,0.0185335,-1.3285,-0.0275637,-2.81104,2.03835,-0.0731204,-2.29002
0.589,0.450441,0.0899847,0.546238,-0.155875,-0.0204254,0.436254,0.885984,-0.299982,0.0999756,0.899968,-0.0326567,0.911128,0.357861,-0.00817814,0.000293369,0.00918789,-1.33977,-0.0778929,-2.85217,1.45917,-0.0523437,-1.63933
0.59375,0.45027,0.0943114,0.547905,-0.155886,-0.0204218,0.436266,0.885977,-0.299997,0.0999955,0.899994,-0.0390455,0.910638,0.34422,-0.00268291,9.62423e-05,0.00301417,-1.35008,-0.12815,-2.89094,0.849494,-0.0304734,-0.95438
0.5985,0.45007,0.0986353,0.549508,-0.155888,-0.020421,0.436269,0.885975,-0.3,0.0999999,0.9,-0.0454809,0.90991,0.330401,-0.000157018,5.63261e-06,0.000176405,-1.3594,-0.178314,-2.9273,0.208833,-0.00749132,-0.234617
0.60325,0.449838,0.102955,0.551044,-0.155887,-0.0204202,0.436268,0.885976,-0.299998,0.0999999,0.899997,-0.0519582,0.908944,0.316415,0.0013419,0.00158365,-0.00312505,-1.36772,-0.228365,-2.96118,0.820385,0.968179,-1.91052
0.608,0.449576,0.10727,0.552513,-0.155874,-0.0204105,0.436249,0.885988,-0.299967,0.0999989,0.899953,-0.0584727,0.907741,0.302274,0.00797608,0.00941298,-0.0185748,-1.37504,-0.278287,-2.99259,1.9616,2.31498,-4.56819
0.61275,0.449283,0.111578,0.553915,-0.15583,-0.0203794,0.436188,0.886026,-0.299867,0.0999958,0.899814,-0.0650195,0.906301,0.287989,0.0198702,0.0234499,-0.0462741,-1.38137,-0.328071,-3.02155,3.03534,3.58216,-7.06874
0.6175,0.448958,0.115879,0.555249,-0.155741,-0.0203149,0.436062,0.886105,-0.299661,0.0999892,0.899526,-0.0715941,0.904625,0.273573,0.0367071,0.0433199,-0.085484,-1.38672,-0.377707,-3.0481,4.04294,4.77129,-9.41526
0.62225,0.448603,0.120172,0.556514,-0.155589,-0.0202062,0.43585,0.886239,-0.299314,0.0999784,0.89904,-0.0781919,0.902713,0.259036,0.0581756,0.068656,-0.13548,-1.39112,-0.427183,-3.07228,4.98573,5.88391,-11.6108
0.627,0.448216,0.124455,0.55771,-0.155362,-0.0200429,0.43553,0.886439,-0.298792,0.0999623,0.89831,-0.0848083,0.900567,0.24439,0.083971,0.0990985,-0.195553,-1.39457,-0.47649,-3.09412,5.86501,6.92161,-13.6585
0.63175,0.447797,0.128727,0.558836,-0.155045,-0.0198153,0.435085,0.886718,-0.298064,0.0999407,0.897292,-0.0914388,0.898187,0.229645,0.113795,0.134295,-0.265007,-1.39709,-0.525618,-3.11366,6.68213,7.88593,-15.5614
0.6365,0.447347,0.132987,0.559891,-0.154626,-0.0195144,0.434497,0.887087,-0.297103,0.0999131,0.895947,-0.0980792,0.895574,0.214813,0.147355,0.173901,-0.343162,-1.3987,-0.574555,-3.13093,7.4384,8.77845,-17.3227
0.64125,0.446865,0.137235,0.560876,-0.154093,-0.0191319,0.433748,0.887554,-0.29588,0.09988,0.894237,-0.104725,0.892729,0.199905,0.184365,0.217579,-0.429353,-1.3994,-0.623293,-3.14596,8.13515,9.60072,-18.9453
0.646,0.446352,0.141468,0.56179,-0.153436,-0.0186602,0.432824,0.888129,-0.294373,0.099842,0.892129,-0.111372,0.889653,0.18493,0.224547,0.264999,-0.522927,-1.39922,-0.671819,-3.15878,8.77371,10.3543,-20.4323
0.65075,0.445807,0.145686,0.562633,-0.152644,-0.0180923,0.431711,0.888818,-0.292558,0.0998004,0.88959,-0.118016,0.886347,0.1699,0.267626,0.315839,-0.62325,-1.39817,-0.720125,-3.16944,9.35539,11.0408,-21.787
0.6555,0.445231,0.149888,0.563404,-0.151709,-0.0174217,0.430395,0.88963,-0.290415,0.0997572,0.886592,-0.124653,0.882812,0.154824,0.313335,0.369783,-0.729699,-1.39626,-0.768199,-3.17797,9.88152,11.6617,-23.0122
0.66025,0.444623,0.154072,0.564104,-0.150622,-0.0166426,0.428864,0.890568,-0.287925,0.0997151,0.88311,-0.131279,0.879049,0.139713,0.361414,0.426523,-0.841666,-1.39351,-0.816031,-3.1844,10.3534,12.2186,-24.1112
0.665,0.443984,0.158238,0.564731,-0.149375,-0.0157498,0.427107,0.891638,-0.285073,0.0996774,0.879121,-0.13789,0.87506,0.124575,0.411609,0.485761,-0.95856,-1.38993,-0.863612,-3.18877,10.7724,12.7131,-25.087
0.66975,0.443313,0.162385,0.565287,-0.147963,-0.0147387,0.425115,0.892842,-0.281842,0.0996484,0.874602,-0.144482,0.870845,0.109422,0.46367,0.547202,-1.0798,-1.38553,-0.91093,-3.19111,11.1399,13.1467,-25.9427
0.6745,0.442611,0.166511,0.565771,-0.146378,-0.0136053,0.422877,0.894183,-0.278221,0.0996332,0.869538,-0.151052,0.866407,0.0942631,0.517358,0.610561,-1.20483,-1.38034,-0.957975,-3.19145,11.457,13.521,-26.6813
0.67925,0.441878,0.170615,0.566183,-0.144615,-0.0123459,0.420386,0.895662,-0.274199,0.0996376,0.863912,-0.157594,0.861745,0.0791068,0.572435,0.67556,-1.33309,-1.37437,-1.00474,-3.18983,11.7253,13.8376,-27.306
0.684,0.441114,0.174697,0.566522,-0.14267,-0.0109576,0.417634,0.897278,-0.269765,0.0996687,0.857711,-0.164107,0.856862,0.0639628,0.628673,0.741929,-1.46406,-1.36763,-1.05121,-3.18629,11.9459,14.098,-27.8198
0.68875,0.440319,0.178755,0.56679,-0.140539,-0.00943795,0.414614,0.89903,-0.264912,0.099734,0.850924,-0.170586,0.851759,0.04884,0.685848,0.809405,-1.59721,-1.36013,-1.09737,-3.18086,12.1203,14.3038,-28.2259
0.6935,0.439494,0.182789,0.566987,-0.138218,-0.00778503,0.411321,0.900916,-0.259636,0.0998422,0.843543,-0.177027,0.846437,0.0337476,0.743744,0.877731,-1.73204,-1.3519,-1.14322,-3.17356,12.2497,14.4565,-28.5273
0.69825,0.438637,0.186796,0.567111,-0.135704,-0.00599739,0.407749,0.902934,-0.25393,0.100003,0.835562,-0.183428,0.840899,0.0186941,0.802151,0.94666,-1.86806,-1.34293,-1.18875,-3.16445,12.3355,14.5577,-28.7271
0.703,0.437751,0.190777,0.567164,-0.132997,-0.0040741,0.403895,0.905077,-0.247794,0.100226,0.826978,-0.189784,0.835145,0.00368811,0.860864,1.01595,-2.00479,-1.33326,-1.23394,-3.15355,12.379,14.6091,-28.8283
0.70775,0.436835,0.19473,0.567146,-0.130093,-0.00201471,0.399754,0.907341,-0.241227,0.100524,0.817788,-0.196092,0.829177,-0.0112619,0.919686,1.08537,-2.14178,-1.3229,-1.27879,-3.14089,12.3815,14.612,-28.8341
0.7125,0.435888,0.198654,0.567057,-0.126992,0.000180775,0.395325,0.90972,-0.234228,0.100907,0.807993,-0.20235,0.822997,-0.0261477,0.978425,1.15469,-2.27857,-1.31185,-1.32328,-3.12652,12.3443,14.5681,-28.7476
0.71725,0.434912,0.202548,0.566898,-0.123695,0.00251185,0.390605,0.912207,-0.226802,0.101388,0.797596,-0.208554,0.816606,-0.0409611,1.0369,1.2237,-2.41474,-1.30014,-1.36741,-3.11046,12.2688,14.479,-28.5717
0.722,0.433907,0.206411,0.566668,-0.1202,0.00497758,0.385593,0.914792,-0.218952,0.101981,0.786601,-0.2147,0.810007,-0.0556944,1.09492,1.29217,-2.54987,-1.28777,-1.41116,-3.09275,12.1563,14.3463,-28.3097
0.72675,0.432873,0.210243,0.566369,-0.11651,0.00757657,0.380289,0.917468,-0.210684,0.102698,0.775016,-0.220787,0.803201,-0.0703397,1.15232,1.35992,-2.68355,-1.27477,-1.45452,-3.07343,12.0081,14.1714,-27.9646
0.7315,0.43181,0.214041,0.566,-0.112626,0.010307,0.374693,0.920225,-0.202005,0.103555,0.762848,-0.22681,0.79619,-0.0848895,1.20894,1.42674,-2.8154,-1.26115,-1.49749,-3.05252,11.8255,13.9559,-27.5395
0.73625,0.430718,0.217806,0.565563,-0.10855,0.0131666,0.368806,0.923053,-0.192924,0.104565,0.750109,-0.232767,0.788976,-0.0993362,1.26461,1.49244,-2.94505,-1.24692,-1.54005,-3.03007,11.6099,13.7015,-27.0374
0.741,0.429599,0.221536,0.565057,-0.104284,0.0161528,0.362629,0.925939,-0.183452,0.105743,0.736812,-0.238655,0.78156,-0.113673,1.31919,1.55684,-3.07214,-1.23209,-1.58219,-3.0061,11.3626,13.4096,-26.4615
0.74575,0.428451,0.225231,0.564483,-0.0998314,0.0192623,0.356167,0.928874,-0.173601,0.107103,0.722969,-0.244471,0.773945,-0.127892,1.37251,1.61977,-3.19632,-1.21669,-1.62391,-2.98066,11.0849,13.0819,-25.8148
0.7505,0.427276,0.228888,0.563842,-0.0951966,0.0224919,0.349422,0.931846,-0.163384,0.108659,0.708598,-0.250212,0.766134,-0.141987,1.42445,1.68106,-3.31727,-1.20072,-1.66518,-2.95377,10.7782,12.7199,-25.1004
0.75525,0.426074,0.232508,0.563134,-0.0903834,0.0258376,0.342398,0.934841,-0.152816,0.110427,0.693716,-0.255877,0.758127,-0.15595,1.47486,1.74056,-3.43468,-1.18421,-1.70601,-2.92548,10.4437,12.3252,-24.3214
0.76,0.424845,0.23609,0.562361,-0.0853968,0.0292953,0.3351,0.937847,-0.141913,0.112419,0.678342,-0.261461,0.749927,-0.169777,1.52362,1.7981,-3.54823,-1.16716,-1.74638,-2.89581,10.0828,11.8992,-23.4809
0.76475,0.42359,0.239632,0.561522,-0.080242,0.0328603,0.327535,0.940852,-0.130693,0.114648,0.662497,-0.266964,0.741537,-0.183459,1.57061,1.85356,-3.65765,-1.14959,-1.78628,-2.8648,9.69679,11.4437,-22.582
0.7695,0.422309,0.243134,0.560618,-0.074925,0.0365278,0.319708,0.943843,-0.119175,0.117129,0.646204,-0.272382,0.732958,-0.19699,1.6157,1.90678,-3.76267,-1.13152,-1.8257,-2.83249,9.28702,10.9601,-21.6277
0.77425,0.421003,0.246595,0.55965,-0.0694521,0.0402925,0.311627,0.946806,-0.107378,0.119872,0.629485,-0.277713,0.724194,-0.210365,1.6588,1.95763,-3.86303,-1.11296,-1.86463,-2.7989,8.85481,10.45,-20.6212
0.779,0.419671,0.250014,0.55862,-0.0638301,0.044149,0.303301,0.949729,-0.0953239,0.122888,0.612367,-0.282954,0.715245,-0.223578,1.69979,2.00601,-3.9585,-1.09392,-1.90306,-2.76408,8.40148,9.91502,-19.5655
0.78375,0.418315,0.25339,0.557527,-0.0580664,0.0480914,0.294737,0.952599,-0.0830341,0.126187,0.594873,-0.288104,0.706115,-0.236622,1.73858,2.05179,-4.04883,-1.07442,-1.94098,-2.72805,7.92835,9.35666,-18.4637
0.7885,0.416934,0.256722,0.556372,-0.0521686,0.0521137,0.285947,0.955404,-0.0705318,0.129778,0.577033,-0.29316,0.696807,-0.249492,1.77508,2.09486,-4.13383,-1.05447,-1.97838,-2.69086,7.43676,8.77651,-17.3188
0.79325,0.41553,0.260009,0.555157,-0.0461449,0.0562095,0.276939,0.958131,-0.0578405,0.133669,0.558873,-0.298121,0.687322,-0.262183,1.8092,2.13513,-4.2133,-1.03409,-2.01525,-2.65253,6.92802,8.17612,-16.1341
0.798,0.414102,0.263251,0.553882,-0.040004,0.0603723,0.267726,0.960769,-0.0449845,0.137864,0.540422,-0.302984,0.677663,-0.27469,1.84087,2.17251,-4.28705,-1.0133,-2.05158,-2.61311,6.40346,7.55706,-14.9125
0.80275,0.412652,0.266447,0.552548,-0.0337547,0.0645954,0.25832,0.963306,-0.0319888,0.14237,0.52171,-0.307747,0.667832,-0.287006,1.87001,2.2069,-4.35491,-0.992104,-2.08736,-2.57262,5.8644,6.92089,-13.6571
0.8075,0.411179,0.269595,0.551155,-0.0274064,0.0688718,0.248731,0.965732,-0.0188785,0.147188,0.502766,-0.312408,0.657834,-0.299128,1.89656,2.23823,-4.41674,-0.97052,-2.12257,-2.5311,5.31217,6.26917,-12.3711
0.81225,0.409684,0.272696,0.549706,-0.0209687,0.0731945,0.238975,0.968036,-0.0056793,0.15232,0.483621,-0.316966,0.647669,-0.31105,1.92046,2.26643,-4.47239,-0.948563,-2.15721,-2.48859,4.74809,5.60347,-11.0574
0.817,0.408168,0.275748,0.548201,-0.0144515,0.0775563,0.229065,0.970209,0.00758314,0.157766,0.464305,-0.321419,0.637341,-0.322768,1.94165,2.29145,-4.52175,-0.926248,-2.19127,-2.44512,4.17349,4.92535,-9.71928
0.82175,0.406631,0.27875,0.54664,-0.00786502,0.08195,0.219014,0.972242,0.0208831,0.163523,0.444849,-0.325765,0.626853,-0.334277,1.96009,2.31321,-4.56469,-0.90359,-2.22474,-2.40072,3.58969,4.23637,-8.35971
0.8265,0.405073,0.281703,0.545025,-0.00121966,0.086368,0.208839,0.974128,0.0341949,0.169588,0.425284,-0.330002,0.616207,-0.345573,1.97574,2.33168,-4.60114,-0.880602,-2.2576,-2.35542,2.99801,3.5381,-6.9818
0.83125,0.403496,0.284604,0.543358,0.00547398,0.0908032,0.198554,0.975859,0.0474931,0.175955,0.405641,-0.33413,0.605406,-0.356652,1.98856,2.34681,-4.631,-0.857301,-2.28985,-2.30927,2.39978,2.8321,-5.58863
0.836,0.401899,0.287454,0.541638,0.0122051,0.0952479,0.188175,0.97743,0.0607528,0.182616,0.38595,-0.338146,0.594454,-0.36751,1.99853,2.35857,-4.65421,-0.8337,-2.32147,-2.2623,1.79632,2.11993,-4.18329
0.84075,0.400284,0.290251,0.539867,0.018963,0.0996949,0.177718,0.978835,0.0739492,0.189563,0.366242,-0.34205,0.583354,-0.378143,2.00562,2.36694,-4.67072,-0.809813,-2.35246,-2.21454,1.18896,1.40315,-2.76886
0.8455,0.39865,0.292995,0.538046,0.0257365,0.104137,0.1672,0.98007,0.0870585,0.196784,0.346546,-0.345839,0.572107,-0.388547,2.00982,2.3719,-4.6805,-0.785657,-2.38281,-2.16602,0.579017,0.683328,-1.34842
0.85025,0.396999,0.295686,0.536176,0.0325147,0.108566,0.156639,0.981132,0.100057,0.204267,0.326893,-0.349513,0.560718,-0.398719,2.01112,2.37343,-4.68353,-0.761245,-2.4125,-2.11679,-0.032178,-0.0379749,0.0749365
0.855,0.39533,0.298322,0.534258,0.0392865,0.112976,0.14605,0.98202,0.112923,0.211998,0.30731,-0.35307,0.549189,-0.408656,2.00952,2.37154,-4.67979,-0.736593,-2.44152,-2.06687,-0.643303,-0.759195,1.49813
0.85975,0.393645,0.300903,0.532294,0.0460412,0.117359,0.135451,0.982731,0.125634,0.219961,0.287827,-0.35651,0.537525,-0.418353,2.00501,2.36622,-4.6693,-0.711714,-2.46987,-2.0163,-1.25303,-1.47877,2.91808
0.8645,0.391943,0.303428,0.530284,0.0527676,0.121708,0.124859,0.983266,0.13817,0.228139,0.268471,-0.359831,0.525727,-0.427809,1.99762,2.35749,-4.65208,-0.686623,-2.49753,-1.96511,-1.86005,-2.19514,4.3317
0.86925,0.390226,0.305897,0.52823,0.0594551,0.126016,0.114293,0.983627,0.150511,0.236514,0.249269,-0.363033,0.513799,-0.437021,1.98735,2.34537,-4.62817,-0.661336,-2.5245,-1.91334,-2.46302,-2.90673,5.73591
0.874,0.388495,0.308309,0.526133,0.066093,0.130278,0.103769,0.983815,0.162638,0.245067,0.230247,-0.366114,0.501745,-0.445985,1.97423,2.32989,-4.59761,-0.635866,-2.55076,-1.86102,-3.06062,-3.612,7.12762
0.87875,0.386748,0.310664,0.523994,0.0726709,0.134486,0.0933037,0.983833,0.174535,0.253777,0.21143,-0.369073,0.489568,-0.4547,1.95828,2.31107,-4.56048,-0.610229,-2.5763,-1.80819,-3.65153,-4.30936,8.50374
0.8835,0.384989,0.31296,0.521814,0.0791786,0.138634,0.0829154,0.983685,0.186184,0.262622,0.192843,-0.371911,0.477271,-0.463162,1.93955,2.28896,-4.51685,-0.584439,-2.60111,-1.75488,-4.23443,-4.99727,9.8612
0.88825,0.383216,0.315198,0.519594,0.0856061,0.142716,0.0726207,0.983377,0.197572,0.27158,0.17451,-0.374625,0.464859,-0.47137,1.91807,2.26362,-4.46683,-0.55851,-2.62519,-1.70113,-4.80799,-5.67416,11.1969
0.893,0.38143,0.317376,0.517336,0.0919437,0.146727,0.062436,0.982914,0.208683,0.280628,0.156452,-0.377216,0.452333,-0.479322,1.89389,2.23508,-4.41052,-0.532458,-2.64852,-1.64697,-5.37088,-6.33846,12.5078
0.89775,0.379632,0.319495,0.515041,0.0981821,0.150662,0.0523778,0.982302,0.219507,0.289743,0.138693,-0.379683,0.439699,-0.487016,1.86707,2.20342,-4.34805,-0.506297,-2.67109,-1.59244,-5.92179,-6.98861,13.7907
0.9025,0.377823,0.321553,0.51271,0.104312,0.154514,0.0424621,0.98155,0.23003,0.298899,0.121253,-0.382026,0.426959,-0.49445,1.83766,2.16871,-4.27956,-0.480042,-2.69289,-1.53756,-6.45938,-7.62305,15.0427
0.90725,0.376003,0.32355,0.510344,0.110326,0.15828,0.0327042,0.980666,0.240245,0.308074,0.104151,-0.384244,0.414118,-0.501622,1.80573,2.13103,-4.2052,-0.453707,-2.71391,-1.48238,-6.98234,-8.24022,16.2606
0.912,0.374173,0.325487,0.507945,0.116214,0.161955,0.0231193,0.979658,0.250141,0.317243,0.0874084,-0.386336,0.401178,-0.508532,1.77135,2.09046,-4.12514,-0.427308,-2.73415,-1.42692,-7.48934,-8.83855,17.4413
0.91675,0.372333,0.327362,0.505513,0.121969,0.165535,0.0137218,0.978536,0.259711,0.326381,0.0710418,-0.388303,0.388145,-0.515178,1.7346,2.0471,-4.03957,-0.400858,-2.75358,-1.37123,-7.97905,-9.41649,18.5817
0.9215,0.370484,0.329174,0.503051,0.127583,0.169016,0.00452566,0.97731,0.268949,0.335464,0.0550691,-0.390144,0.375021,-0.521558,1.69558,2.00104,-3.94868,-0.374372,-2.7722,-1.31533,-8.45015,-9.97246,19.6788
0.92625,0.368627,0.330924,0.500559,0.133051,0.172394,-0.00445594,0.975991,0.277851,0.344467,0.0395068,-0.39186,0.36181,-0.527673,1.65436,1.9524,-3.8527,-0.347866,-2.79,-1.25927,-8.90132,-10.5049,20.7295
0.931,0.366762,0.332611,0.498039,0.138364,0.175666,-0.0132104,0.974588,0.286411,0.353368,0.0243706,-0.393449,0.348517,-0.533521,1.61105,1.90128,-3.75183,-0.321353,-2.80698,-1.20308,-9.33123,-11.0123,21.7307
0.93575,0.364889,0.334235,0.495491,0.143518,0.17883,-0.0217257,0.973114,0.294627,0.362144,0.00967511,-0.394912,0.335145,-0.539102,1.56575,1.84782,-3.64634,-0.294848,-2.82311,-1.14678,-9.73856,-11.493,22.6793
0.9405,0.36301,0.335795,0.492918,0.148507,0.181882,-0.0299909,0.971579,0.302498,0.37077,-0.00456579,-0.39625,0.321699,-0.544416,1.51857,1.79214,-3.53647,-0.268367,-2.83838,-1.09042,-10.122,-11.9455,23.5722
0.94525,0.361125,0.337291,0.490319,0.153325,0.184822,-0.0379954,0.969994,0.310022,0.379227,-0.0183392,-0.397462,0.308182,-0.549461,1.46963,1.73439,-3.42249,-0.241923,-2.8528,-1.03403,-10.4802,-12.3682,24.4064
0.95,0.359235,0.338723,0.487698,0.157968,0.187646,-0.0457298,0.968372,0.317199,0.387494,-0.0316331,-0.398548,0.294598,-0.554239,1.41905,1.6747,-3.3047,-0.215532,-2.86635,-0.977642,-10.8118,-12.7596,25.1787
0.95475,0.357339,0.340089,0.485055,0.162433,0.190353,-0.0531853,0.966723,0.324032,0.395549,-0.0444365,-0.39951,0.280953,-0.558749,1.36696,1.61322,-3.1834,-0.189208,-2.87901,-0.921294,-11.1156,-13.1181,25.8861
0.9595,0.35544,0.341391,0.48239,0.166715,0.192942,-0.060354,0.965058,0.330521,0.403375,-0.0567394,-0.400346,0.267249,-0.562991,1.3135,1.55013,-3.05889,-0.162965,-2.89078,-0.865018,-11.3901,-13.4421,26.5255
0.96425,0.353536,0.342628,0.479707,0.170812,0.195413,-0.0672289,0.963389,0.33667,0.410953,-0.0685327,-0.401058,0.253492,-0.566967,1.2588,1.48558,-2.93152,-0.136819,-2.90164,-0.808851,-11.6342,-13.7301,27.0938
0.969,0.35163,0.3438,0.477005,0.174721,0.197764,-0.073804,0.961725,0.342483,0.418268,-0.0798086,-0.401646,0.239685,-0.570676,1.20302,1.41975,-2.80162,-0.110784,-2.9116,-0.752825,-11.8463,-13.9805,27.5879
0.97375,0.349721,0.344905,0.474286,0.178441,0.199995,-0.0800739,0.960078,0.347962,0.425305,-0.0905601,-0.402111,0.225833,-0.574119,1.14632,1.35283,-2.66956,-0.0848748,-2.92063,-0.696975,-12.0253,-14.1917,28.0048
0.9785,0.34781,0.345945,0.471551,0.18197,0.202106,-0.0860345,0.958456,0.353114,0.432048,-0.100782,-0.402452,0.211941,-0.577297,1.08884,1.285,-2.5357,-0.0591057,-2.92872,-0.641337,-12.1698,-14.3622,28.3413
0.98325,0.345898,0.346919,0.468802,0.185307,0.204098,-0.0916826,0.95687,0.357945,0.438487,-0.110469,-0.402672,0.198012,-0.580212,1.03076,1.21645,-2.40045,-0.0334917,-2.93587,-0.585943,-12.2785,-14.4905,28.5944
0.988,0.343985,0.347826,0.466039,0.188452,0.205972,-0.0970157,0.955327,0.362459,0.44461,-0.119619,-0.402771,0.184051,-0.582864,0.972252,1.1474,-2.26419,-0.0080473,-2.94207,-0.53083,-12.35,-14.5749,28.7609
0.99275,0.342071,0.348667,0.463265,0.191406,0.207727,-0.102033,0.953836,0.366664,0.450409,-0.128229,-0.402749,0.170064,-0.585255,0.913495,1.07806,-2.12736,0.0172127,-2.9473,-0.476031,-12.3831,-14.6139,28.8379
0.9975,0.340159,0.349442,0.46048,0.194168,0.209365,-0.106733,0.952404,0.370567,0.455875,-0.1363,-0.402608,0.156054,-0.587387,0.854675,1.00865,-1.99038,0.0422737,-2.95155,-0.42158,-12.3763,-14.606,28.8222
1.00225,0.338247,0.350149,0.457685,0.196741,0.210888,-0.111118,0.951037,0.374175,0.461004,-0.143833,-0.402348,0.142025,-0.589261,0.795985,0.939383,-1.8537,0.067121,-2.95482,-0.367513,-12.3285,-14.5495,28.7107
1.007,0.336337,0.350791,0.454882,0.199126,0.212297,-0.115188,0.949742,0.377498,0.46579,-0.15083,-0.40197,0.127984,-0.590879,0.737622,0.870506,-1.71778,0.09174,-2.95709,-0.313863,-12.2382,-14.4429,28.5004
1.01175,0.334428,0.351365,0.452072,0.201325,0.213594,-0.118948,0.948524,0.380541,0.470232,-0.157296,-0.401477,0.113935,-0.592243,0.679792,0.802257,-1.58311,0.116116,-2.95836,-0.260665,-12.1041,-14.2847,28.1882
1.0165,0.332523,0.351873,0.449256,0.203342,0.214783,-0.1224,0.947385,0.383316,0.474329,-0.163237,-0.400868,0.0998815,-0.593356,0.622705,0.734886,-1.45016,0.140234,-2.95861,-0.207954,-11.9249,-14.0732,27.7709
1.02125,0.33062,0.352314,0.446436,0.205181,0.215864,-0.12555,0.94633,0.385831,0.478083,-0.168661,-0.400145,0.0858295,-0.59422,0.566579,0.668649,-1.31946,0.16408,-2.95783,-0.155764,-11.6993,-13.807,27.2455
1.026,0.328722,0.352689,0.443612,0.206845,0.216841,-0.128404,0.945361,0.388095,0.481496,-0.173578,-0.399309,0.0717837,-0.594837,0.511637,0.603809,-1.19151,0.187639,-2.95602,-0.104129,-11.426,-13.4844,26.609
1.03075,0.326827,0.352996,0.440785,0.208339,0.217718,-0.130969,0.944479,0.390118,0.484574,-0.178,-0.398363,0.057749,-0.59521,0.45811,0.540639,-1.06685,0.210896,-2.95315,-0.0530848,-11.1036,-13.1039,25.8581
1.0355,0.324937,0.353237,0.437957,0.209669,0.218497,-0.133255,0.943685,0.391911,0.487324,-0.181942,-0.397306,0.0437304,-0.595342,0.406233,0.479416,-0.946041,0.233837,-2.94923,-0.00266458,-10.7308,-12.6639,24.99
1.04025,0.323053,0.353412,0.43513,0.210841,0.219183,-0.135269,0.942978,0.393485,0.489755,-0.185419,-0.396142,0.029733,-0.595236,0.356249,0.420428,-0.829638,0.256447,-2.94424,0.0470968,-10.3063,-12.163,24.0014
1.045,0.321174,0.35352,0.432303,0.211861,0.21978,-0.137025,0.942357,0.39485,0.491878,-0.188449,-0.394871,0.0157618,-0.594896,0.308407,0.363967,-0.718223,0.278712,-2.93817,0.0961649,-9.82871,-11.5994,22.8892
1.04975,0.319302,0.353561,0.429479,0.212737,0.220292,-0.138533,0.941819,0.396019,0.493705,-0.191054,-0.393495,0.00182209,-0.594324,0.262962,0.310336,-0.612391,0.300616,-2.93101,0.144505,-9.2968,-10.9716,21.6505
1.0545,0.317436,0.353537,0.426657,0.213476,0.220724,-0.139807,0.941362,0.397004,0.495252,-0.193257,-0.392015,-0.0120811,-0.593524,0.220176,0.259841,-0.512749,0.322145,-2.92276,0.192083,-8.70919,-10.2782,20.2821
1.05925,0.315578,0.353447,0.42384,0.214089,0.221082,-0.140863,0.940982,0.397817,0.496535,-0.195082,-0.390435,-0.0259423,-0.5925,0.180315,0.2128,-0.419921,0.343284,-2.91339,0.238864,-8.06458,-9.51742,18.7809
1.064,0.313727,0.353291,0.421029,0.214584,0.221371,-0.141717,0.940673,0.398474,0.497574,-0.196557,-0.388755,-0.0397565,-0.591256,0.143655,0.169534,-0.334545,0.364019,-2.9029,0.284815,-7.36162,-8.68783,17.1438
1.06875,0.311885,0.353069,0.418224,0.214972,0.221597,-0.142386,0.94043,0.398988,0.498389,-0.197714,-0.386977,-0.0535181,-0.589796,0.110474,0.130377,-0.257274,0.384335,-2.89128,0.329899,-6.59901,-7.78783,15.3679
1.0735,0.310051,0.352782,0.415426,0.215264,0.221767,-0.14289,0.940246,0.399374,0.499002,-0.198585,-0.385104,-0.0672219,-0.588124,0.0810608,0.0956641,-0.188776,0.404218,-2.87852,0.374083,-5.77541,-6.81586,13.4498
1.07825,0.308226,0.352431,0.412637,0.215472,0.221889,-0.143249,0.940115,0.399649,0.49944,-0.199206,-0.383138,-0.0808623,-0.586244,0.0557067,0.0657424,-0.129731,0.423652,-2.86461,0.417333,-4.8895,-5.77035,11.3867
1.083,0.306411,0.352014,0.409857,0.215609,0.221969,-0.143485,0.940029,0.39983,0.499729,-0.199615,-0.38108,-0.0944339,-0.58416,0.0347113,0.0409646,-0.0808362,0.442623,-2.84954,0.459614,-3.93995,-4.64974,9.17542
1.08775,0.304606,0.351534,0.407088,0.215689,0.222015,-0.143623,0.939979,0.399935,0.499897,-0.199854,-0.378934,-0.107931,-0.581879,0.01838,0.0216912,-0.0428036,0.461117,-2.8333,0.500891,-2.92545,-3.45248,6.81284
1.0925,0.302812,0.350989,0.40433,0.215727,0.222037,-0.143688,0.939955,0.399985,0.499976,-0.199966,-0.376701,-0.121348,-0.579404,0.00702448,0.00828995,-0.0163587,0.479118,-2.81587,0.54113,-1.84467,-2.17699,4.29589
1.09725,0.301028,0.350381,0.401584,0.215738,0.222043,-0.143707,0.939948,0.399999,0.499999,-0.199998,-0.374383,-0.13468,-0.57674,0.000962707,0.00113614,-0.00224197,0.496613,-2.79725,0.580297,-0.696279,-0.821714,1.6215
1.102,0.299255,0.34971,0.398851,0.215738,0.222044,-0.143708,0.939948,0.4,0.5,-0.2,-0.371984,-0.14792,-0.573893,-6.55444e-05,-0.000158609,0.000197175,0.513586,-2.77743,0.618358,-0.0653801,-0.158212,0.19668
1.10675,0.297494,0.348976,0.396132,0.215737,0.222042,-0.143705,0.939949,0.399999,0.499996,-0.199995,-0.369505,-0.161064,-0.570867,-0.00073773,-0.00178521,0.00221928,0.530032,-2.75641,0.655298,-0.216727,-0.524451,0.65197
1.1115,0.295745,0.34818,0.393428,0.215733,0.222037,-0.143695,0.939953,0.399995,0.499979,-0.199978,-0.366949,-0.174104,-0.567669,-0.00211577,-0.0051199,0.00636479,0.545955,-2.73421,0.691127,-0.362594,-0.877431,1.09078
1.11625,0.294008,0.347322,0.39074,0.215724,0.222024,-0.143672,0.939961,0.399987,0.499941,-0.199938,-0.364319,-0.187037,-0.564303,-0.0041738,-0.0101001,0.0125559,0.56136,-2.71086,0.725857,-0.503047,-1.21731,1.5133
1.121,0.292284,0.346403,0.388067,0.215708,0.222001,-0.143631,0.939977,0.399972,0.499874,-0.199866,-0.361617,-0.199856,-0.560775,-0.00688625,-0.0166639,0.0207157,0.576254,-2.68638,0.759498,-0.638154,-1.54425,1.91973
1.12575,0.290573,0.345424,0.385412,0.215682,0.221965,-0.143568,0.940001,0.399949,0.499771,-0.199756,-0.358845,-0.212556,-0.55709,-0.0102279,-0.0247502,0.0307682,0.59064,-2.66078,0.792063,-0.76798,-1.85841,2.31028
1.1305,0.288875,0.344384,0.382775,0.215646,0.221914,-0.143478,0.940035,0.399916,0.499622,-0.199598,-0.356007,-0.225131,-0.553252,-0.0141738,-0.0342988,0.0426385,0.604525,-2.6341,0.823561,-0.892591,-2.15996,2.68515
1.13525,0.287191,0.343285,0.380157,0.215597,0.221845,-0.143356,0.940081,0.399872,0.499422,-0.199385,-0.353103,-0.237578,-0.549268,-0.0186994,-0.0452501,0.0562526,0.617913,-2.60635,0.854006,-1.01205,-2.44904,3.04452
1.14,0.285521,0.342127,0.377557,0.215533,0.221756,-0.143199,0.94014,0.399814,0.499163,-0.19911,-0.350137,-0.24989,-0.545141,-0.0237803,-0.0575453,0.0715373,0.630809,-2.57756,0.883407,-1.12643,-2.72583,3.38861
1.14475,0.283865,0.340911,0.374978,0.215454,0.221644,-0.143001,0.940215,0.399742,0.498839,-0.198765,-0.347111,-0.262063,-0.540877,-0.0293925,-0.0711263,0.0884205,0.64322,-2.54774,0.911777,-1.2358,-2.99048,3.7176
1.1495,0.282223,0.339638,0.372419,0.215357,0.221508,-0.142761,0.940306,0.399654,0.498444,-0.198344,-0.344027,-0.274092,-0.536481,-0.0355125,-0.0859358,0.106831,0.65515,-2.51693,0.939126,-1.34021,-3.24314,4.03171
1.15425,0.280596,0.338308,0.369882,0.215241,0.221345,-0.142473,0.940415,0.399548,0.497971,-0.19784,-0.340888,-0.285972,-0.531957,-0.0421168,-0.101917,0.126698,0.666604,-2.48514,0.965465,-1.43974,-3.484,4.33112
1.159,0.278985,0.336921,0.367366,0.215104,0.221153,-0.142134,0.940542,0.399424,0.497414,-0.197248,-0.337696,-0.297699,-0.52731,-0.0491824,-0.119015,0.147954,0.677587,-2.45239,0.990807,-1.53446,-3.71319,4.61604
1.16375,0.277388,0.33548,0.364873,0.214945,0.22093,-0.141741,0.94069,0.399279,0.496769,-0.196561,-0.334452,-0.309269,-0.522546,-0.0566866,-0.137175,0.170528,0.688106,-2.41871,1.01516,-1.62442,-3.93088,4.88667
1.1685,0.275808,0.333984,0.362402,0.214764,0.220675,-0.14129,0.940859,0.399112,0.496029,-0.195775,-0.331159,-0.320676,-0.517668,-0.064607,-0.156341,0.194355,0.698164,-2.38412,1.03854,-1.70969,-4.13724,5.1432
1.17325,0.274242,0.332434,0.359955,0.214557,0.220386,-0.140779,0.941051,0.398922,0.495191,-0.194883,-0.32782,-0.331916,-0.512681,-0.0729214,-0.176461,0.219367,0.707768,-2.34864,1.06096,-1.79035,-4.33242,5.38584
1.178,0.272693,0.330831,0.357532,0.214326,0.220061,-0.140205,0.941265,0.398708,0.494249,-0.193881,-0.324436,-0.342986,-0.50759,-0.0816081,-0.197481,0.245499,0.716922,-2.3123,1.08242,-1.86645,-4.51658,5.61478
1.18275,0.27116,0.329176,0.355133,0.214067,0.219698,-0.139565,0.941504,0.398468,0.493199,-0.192764,-0.32101,-0.353882,-0.5024,-0.0906456,-0.219351,0.272686,0.725632,-2.27511,1.10294,-1.93807,-4.68989,5.83023
1.1875,0.269644,0.327469,0.352759,0.213781,0.219297,-0.138856,0.941767,0.398201,0.492037,-0.191529,-0.317543,-0.364599,-0.497114,-0.100013,-0.242018,0.300865,0.733903,-2.23711,1.12253,-2.00527,-4.8525,6.03237
1.19225,0.268144,0.325712,0.35041,0.213466,0.218855,-0.138077,0.942056,0.397906,0.49076,-0.19017,-0.314039,-0.375133,-0.491737,-0.109689,-0.265433,0.329973,0.74174,-2.1983,1.1412,-2.06811,-5.00457,6.22142
1.197,0.266661,0.323906,0.348088,0.213121,0.218371,-0.137224,0.942371,0.397581,0.489363,-0.188685,-0.310497,-0.385481,-0.486274,-0.119653,-0.289545,0.359948,0.749148,-2.15872,1.15897,-2.12667,-5.14626,6.39757
1.20175,0.265194,0.32205,0.345791,0.212745,0.217845,-0.136296,0.942712,0.397225,0.487844,-0.187069,-0.306922,-0.39564,-0.480728,-0.129885,-0.314306,0.390729,0.756133,-2.11838,1.17584,-2.181,-5.27774,6.56102
1.2065,0.263745,0.320147,0.343521,0.212338,0.217274,-0.13529,0.943081,0.396837,0.486199,-0.185321,-0.303315,-0.405605,-0.475105,-0.140366,-0.339668,0.422258,0.7627,-2.07731,1.19182,-2.23118,-5.39916,6.71196
1.21125,0.262313,0.318197,0.341278,0.211898,0.216658,-0.134206,0.943476,0.396415,0.484425,-0.183435,-0.299677,-0.415373,-0.469407,-0.151075,-0.365583,0.454473,0.768854,-2.03553,1.20693,-2.27726,-5.51069,6.8506
1.216,0.260898,0.316202,0.339062,0.211426,0.215997,-0.133041,0.943899,0.395958,0.482521,-0.181411,-0.296011,-0.424941,-0.46364,-0.161994,-0.392004,0.487319,0.7746,-1.99306,1.22117,-2.31933,-5.61248,6.97714
1.22075,0.259501,0.314161,0.336873,0.21092,0.215288,-0.131793,0.944349,0.395464,0.480484,-0.179246,-0.292319,-0.434306,-0.457807,-0.173102,-0.418886,0.520737,0.779943,-1.94992,1.23457,-2.35743,-5.70469,7.09178
1.2255,0.258121,0.312076,0.334713,0.210379,0.214531,-0.130462,0.944826,0.394933,0.478312,-0.176937,-0.288603,-0.443464,-0.451913,-0.184383,-0.446184,0.554672,0.784889,-1.90615,1.24712,-2.39165,-5.78749,7.19471
1.23025,0.256759,0.309948,0.33258,0.209803,0.213725,-0.129045,0.945331,0.394362,0.476003,-0.174483,-0.284863,-0.452413,-0.445961,-0.195817,-0.473853,0.589069,0.789444,-1.86175,1.25885,-2.42204,-5.86103,7.28613
1.235,0.255415,0.307778,0.330476,0.209192,0.21287,-0.127543,0.945864,0.39375,0.473555,-0.171882,-0.281103,-0.46115,-0.439955,-0.207386,-0.501849,0.623873,0.793611,-1.81675,1.26976,-2.44867,-5.92548,7.36625
1.23975,0.254088,0.305568,0.328401,0.208545,0.211964,-0.125953,0.946423,0.393096,0.470968,-0.169133,-0.277325,-0.469672,-0.4339,-0.219074,-0.530131,0.659031,0.797397,-1.77118,1.27986,-2.47161,-5.98099,7.43526
1.2445,0.25278,0.303317,0.326354,0.207861,0.211008,-0.124275,0.947009,0.392399,0.46824,-0.166234,-0.273529,-0.477975,-0.427798,-0.230861,-0.558655,0.694491,0.800806,-1.72505,1.28917,-2.49093,-6.02773,7.49336
1.24925,0.25149,0.301027,0.324337,0.20714,0.21,-0.122509,0.947621,0.391656,0.465371,-0.163185,-0.269718,-0.486059,-0.421654,-0.242732,-0.58738,0.730201,0.803844,-1.67839,1.29769,-2.50668,-6.06585,7.54075
1.254,0.250218,0.2987,0.322348,0.206381,0.208941,-0.120653,0.948258,0.390867,0.462359,-0.159984,-0.265893,-0.493919,-0.415471,-0.254669,-0.616267,0.766111,0.806517,-1.63122,1.30544,-2.51894,-6.09552,7.57763
1.25875,0.248964,0.296335,0.32039,0.205585,0.20783,-0.118706,0.948921,0.390029,0.459206,-0.156632,-0.262056,-0.501555,-0.409253,-0.266656,-0.645275,0.802172,0.808828,-1.58356,1.31243,-2.52777,-6.11689,7.6042
1.2635,0.247728,0.293935,0.31846,0.204751,0.206666,-0.11667,0.949608,0.389142,0.455909,-0.153128,-0.25821,-0.508962,-0.403004,-0.278677,-0.674365,0.838335,0.810784,-1.53544,1.31868,-2.53324,-6.13013,7.62066
1.26825,0.246511,0.291501,0.316561,0.203879,0.205449,-0.114543,0.950318,0.388203,0.45247,-0.149472,-0.254354,-0.51614,-0.396727,-0.290717,-0.703498,0.874553,0.81239,-1.48687,1.32418,-2.53542,-6.13539,7.6272
1.273,0.245312,0.289032,0.314692,0.202968,0.204179,-0.112324,0.951051,0.387211,0.448889,-0.145664,-0.250492,-0.523087,-0.390426,-0.302759,-0.732638,0.910778,0.813651,-1.43788,1.32895,-2.53436,-6.13284,7.62403
1.27775,0.244131,0.286532,0.312852,0.202019,0.202855,-0.110015,0.951806,0.386165,0.445167,-0.141704,-0.246625,-0.5298,-0.384103,-0.314788,-0.761748,0.946966,0.814572,-1.3885,1.33301,-2.53015,-6.12264,7.61135
1.2825,0.242969,0.284,0.311043,0.201031,0.201479,-0.107616,0.952582,0.385063,0.441303,-0.137593,-0.242755,-0.536277,-0.377763,-0.32679,-0.790792,0.983071,0.815158,-1.33873,1.33637,-2.52283,-6.10494,7.58935
1.28725,0.241825,0.281437,0.309263,0.200003,0.200049,-0.105125,0.953377,0.383903,0.4373,-0.133331,-0.238882,-0.542517,-0.371409,-0.33875,-0.819734,1.01905,0.815415,-1.28862,1.33903,-2.51249,-6.07991,7.55823
1.292,0.2407,0.278846,0.307514,0.198937,0.198566,-0.102544,0.954191,0.382684,0.433158,-0.128919,-0.235009,-0.548518,-0.365043,-0.350654,-0.848539,1.05486,0.815348,-1.23817,1.34101,-2.49918,-6.0477,7.51819
1.29675,0.239593,0.276227,0.305795,0.197833,0.197029,-0.099873,0.955022,0.381404,0.428878,-0.124358,-0.231136,-0.554279,-0.35867,-0.362488,-0.877176,1.09046,0.814962,-1.18741,1.34232,-2.48297,-6.00849,7.46944
1.3015,0.238504,0.273581,0.304107,0.196689,0.195439,-0.0971124,0.955869,0.380063,0.424462,-0.11965,-0.227267,-0.559798,-0.352292,-0.374238,-0.905609,1.12581,0.814263,-1.13637,1.34297,-2.46394,-5.96241,7.41216
1.30625,0.237434,0.270909,0.302449,0.195506,0.193797,-0.0942629,0.956731,0.378657,0.419912,-0.114795,-0.223401,-0.565074,-0.345913,-0.385891,-0.933808,1.16086,0.813255,-1.08505,1.34297,-2.44213,-5.90965,7.34657
1.311,0.236382,0.268213,0.300821,0.194285,0.192101,-0.0913252,0.957607,0.377187,0.41523,-0.109794,-0.219541,-0.570106,-0.339535,-0.397434,-0.96174,1.19559,0.811943,-1.0335,1.34233,-2.41763,-5.85035,7.27285
1.31575,0.235348,0.265493,0.299223,0.193025,0.190353,-0.0883,0.958494,0.37565,0.410418,-0.10465,-0.215688,-0.574892,-0.333162,-0.408854,-0.989376,1.22994,0.810334,-0.981727,1.34107,-2.39049,-5.78468,7.19122
1.3205,0.234333,0.262752,0.297656,0.191726,0.188553,-0.0851883,0.959391,0.374044,0.405477,-0.0993641,-0.211844,-0.579432,-0.326796,-0.42014,-1.01669,1.26389,0.808432,-0.929755,1.3392,-2.36078,-5.7128,7.10185
1.32525,0.233335,0.259989,0.296119,0.190389,0.186701,-0.0819911,0.960298,0.37237,0.400412,-0.0939376,-0.208009,-0.583725,-0.32044,-0.431278,-1.04364,1.2974,0.806242,-0.877606,1.33672,-2.32858,-5.63486,7.00497
1.33,0.232356,0.257207,0.294612,0.189015,0.184798,-0.0787094,0.961212,0.370624,0.395223,-0.0883724,-0.204185,-0.587769,-0.314098,-0.442257,-1.07021,1.33043,0.80377,-0.825304,1.33365,-2.29394,-5.55104,6.90076
1.33475,0.231396,0.254406,0.293135,0.187603,0.182844,-0.0753445,0.962131,0.368807,0.389915,-0.0826707,-0.200373,-0.591565,-0.307772,-0.453066,-1.09636,1.36294,0.801021,-0.77287,1.32999,-2.25693,-5.46148,6.78942
1.3395,0.230453,0.251587,0.291688,0.186153,0.18084,-0.0718975,0.963055,0.366916,0.384489,-0.0768345,-0.196576,-0.595111,-0.301464,-0.463694,-1.12208,1.39491,0.798,-0.720326,1.32577,-2.21761,-5.36634,6.67116
1.34425,0.229528,0.248753,0.290271,0.184667,0.178786,-0.06837,0.963981,0.364951,0.378949,-0.0708659,-0.192793,-0.598408,-0.295178,-0.47413,-1.14734,1.42631,0.794712,-0.667696,1.321,-2.17606,-5.2658,6.54617
1.349,0.228621,0.245903,0.288883,0.183143,0.176684,-0.0647634,0.964908,0.362911,0.373299,-0.0647671,-0.189026,-0.601454,-0.288915,-0.484364,-1.1721,1.45709,0.791163,-0.615,1.31567,-2.13234,-5.16001,6.41465
1.35375,0.227732,0.243039,0.287526,0.181584,0.174533,-0.0610791,0.965834,0.360793,0.367541,-0.0585405,-0.185277,-0.60425,-0.28268,-0.494384,-1.19635,1.48724,0.787358,-0.562262,1.30981,-2.08652,-5.04912,6.2768
1.3585,0.226861,0.240163,0.286198,0.17999,0.172335,-0.0573189,0.966757,0.358599,0.361679,-0.0521884,-0.181547,-0.606796,-0.276473,-0.504182,-1.22006,1.51671,0.783301,-0.509503,1.30343,-2.03866,-4.9333,6.13283
1.36325,0.226008,0.237275,0.284899,0.17836,0.17009,-0.0534844,0.967676,0.356325,0.355718,-0.0457134,-0.177836,-0.60909,-0.270298,-0.513748,-1.24321,1.54549,0.778999,-0.456746,1.29653,-1.98883,-4.81272,5.98292
1.368,0.225172,0.234377,0.28363,0.176696,0.1678,-0.0495775,0.968589,0.353973,0.349659,-0.0391179,-0.174147,-0.611135,-0.264157,-0.523073,-1.26577,1.57354,0.774457,-0.404014,1.28913,-1.93709,-4.68752,5.82728
1.37275,0.224353,0.23147,0.28239,0.174997,0.165464,-0.0456001,0.969494,0.351541,0.343509,-0.0324047,-0.170479,-0.612929,-0.258052,-0.532148,-1.28773,1.60084,0.769679,-0.351327,1.28124,-1.88351,-4.55787,5.6661
1.3775,0.223552,0.228555,0.281178,0.173266,0.163085,-0.041554,0.970389,0.349028,0.33727,-0.0255764,-0.166835,-0.614472,-0.251986,-0.540964,-1.30906,1.62736,0.764671,-0.298709,1.27287,-1.82816,-4.42393,5.49959
1.38225,0.222768,0.225633,0.279996,0.171502,0.160663,-0.0374414,0.971274,0.346433,0.330947,-0.0186358,-0.163215,-0.615767,-0.245961,-0.549513,-1.32975,1.65308,0.759438,-0.246182,1.26404,-1.77111,-4.28585,5.32795
1.387,0.222001,0.222705,0.278842,0.169706,0.1582,-0.0332643,0.972145,0.343757,0.324544,-0.0115856,-0.159621,-0.616811,-0.239978,-0.557787,-1.34977,1.67797,0.753985,-0.193768,1.25474,-1.71241,-4.14381,5.15137
1.39175,0.221252,0.219773,0.277716,0.167879,0.155695,-0.0290249,0.973002,0.340999,0.318065,-0.00442871,-0.156053,-0.617608,-0.234041,-0.565778,-1.36911,1.70201,0.748319,-0.14149,1.24501,-1.65214,-3.99796,4.97006
1.3965,0.220519,0.216838,0.276618,0.166021,0.153152,-0.0247254,0.973843,0.338159,0.311515,0.00283187,-0.152512,-0.618156,-0.228151,-0.57348,-1.38775,1.72518,0.742443,-0.0893685,1.23484,-1.59036,-3.84846,4.7842
1.40125,0.219803,0.213901,0.275548,0.164134,0.15057,-0.0203682,0.974666,0.335237,0.304898,0.0101932,-0.149,-0.618457,-0.222311,-0.580884,-1.40567,1.74745,0.736363,-0.0374272,1.22424,-1.52713,-3.69547,4.59401
1.406,0.219103,0.210963,0.274506,0.162219,0.14795,-0.0159556,0.97547,0.332232,0.29822,0.0176522,-0.145517,-0.618512,-0.216522,-0.587985,-1.42285,1.76881,0.730084,0.014312,1.21324,-1.46253,-3.53915,4.39968
1.41075,0.21842,0.208026,0.273491,0.160275,0.145296,-0.0114901,0.976253,0.329144,0.291484,0.0252058,-0.142064,-0.618321,-0.210786,-0.594776,-1.43928,1.78924,0.723611,0.0658269,1.20183,-1.39662,-3.37966,4.20141
1.4155,0.217754,0.20509,0.272504,0.158305,0.142606,-0.00697414,0.977013,0.325975,0.284695,0.0328508,-0.138643,-0.617887,-0.205105,-0.601251,-1.45495,1.80872,0.716951,0.117095,1.19004,-1.32947,-3.21716,3.9994
1.42025,0.217103,0.202156,0.271543,0.156308,0.139884,-0.00241026,0.97775,0.322723,0.277858,0.040584,-0.135254,-0.617209,-0.199481,-0.607404,-1.46984,1.82723,0.710107,0.168095,1.17787,-1.26114,-3.05181,3.79385
1.425,0.216469,0.199227,0.270609,0.154287,0.13713,0.00219893,0.978461,0.31939,0.270979,0.0484022,-0.131897,-0.61629,-0.193916,-0.61323,-1.48394,1.84476,0.703086,0.218803,1.16533,-1.1917,-2.88377,3.58495
1.42975,0.21585,0.196302,0.269701,0.152241,0.134346,0.00685079,0.979146,0.315976,0.264061,0.0563021,-0.128575,-0.615131,-0.188411,-0.618724,-1.49723,1.86128,0.695892,0.269199,1.15244,-1.12122,-2.7132,3.37291
1.4345,0.215247,0.193383,0.268819,0.150173,0.131533,0.0115426,0.979803,0.312482,0.25711,0.0642802,-0.125287,-0.613733,-0.182968,-0.62388,-1.50971,1.8768,0.68853,0.319258,1.13921,-1.04975,-2.54027,3.15793
1.43925,0.21466,0.190472,0.267962,0.148083,0.128693,0.0162717,0.980431,0.308908,0.25013,0.0723331,-0.122034,-0.612099,-0.177589,-0.628695,-1.52136,1.89128,0.681007,0.36896,1.12564,-0.977375,-2.36512,2.9402
1.444,0.214088,0.187569,0.267131,0.145972,0.125828,0.0210353,0.981029,0.305256,0.243128,0.0804574,-0.118817,-0.610229,-0.172275,-0.633164,-1.53218,1.90472,0.673326,0.418282,1.11175,-0.904151,-2.18793,2.71992
1.44875,0.213531,0.184675,0.266326,0.143841,0.122938,0.0258305,0.981595,0.301526,0.236107,0.0886495,-0.115637,-0.608126,-0.167028,-0.637283,-1.54215,1.91711,0.665494,0.467202,1.09755,-0.830147,-2.00885,2.4973
1.4535,0.212989,0.181792,0.265545,0.141692,0.120026,0.0306545,0.982129,0.29772,0.229073,0.0969058,-0.112495,-0.605791,-0.161849,-0.641049,-1.55126,1.92844,0.657515,0.515697,1.08305,-0.755429,-1.82804,2.27253
1.45825,0.212462,0.17892,0.264788,0.139525,0.117093,0.0355045,0.98263,0.293838,0.22203,0.105223,-0.109391,-0.603227,-0.156739,-0.644459,-1.55951,1.9387,0.649395,0.563745,1.06827,-0.680062,-1.64567,2.04581
1.463,0.21195,0.176062,0.264055,0.137343,0.114141,0.0403776,0.983096,0.289883,0.214984,0.113596,-0.106326,-0.600436,-0.151701,-0.647509,-1.56689,1.94788,0.641139,0.611324,1.05321,-0.604115,-1.46188,1.81734
1.46775,0.211452,0.173217,0.263347,0.135146,0.111171,0.0452707,0.983528,0.285856,0.207939,0.122023,-0.103301,-0.59742,-0.146734,-0.650197,-1.5734,1.95596,0.632752,0.658412,1.03789,-0.527651,-1.27685,1.58731
1.4725,0.210969,0.170386,0.262661,0.132935,0.108186,0.050181,0.983924,0.281758,0.200901,0.130499,-0.100315,-0.594182,-0.141841,-0.652521,-1.57902,1.96295,0.62424,0.704987,1.02231,-0.450738,-1.09073,1.35594
1.47725,0.210499,0.167572,0.261999,0.130711,0.105187,0.0551056,0.984283,0.277592,0.193875,0.139021,-0.0973706,-0.590724,-0.137023,-0.654478,-1.58376,1.96884,0.615607,0.751025,1.00649,-0.373443,-0.903684,1.12341
1.482,0.210043,0.164775,0.261359,0.128477,0.102176,0.0600414,0.984606,0.273359,0.186864,0.147584,-0.0944672,-0.587048,-0.13228,-0.656068,-1.5876,1.97362,0.606859,0.796506,0.990439,-0.29583,-0.715871,0.889933
1.48675,0.209602,0.161996,0.260742,0.126233,0.0991544,0.0649854,0.984891,0.269062,0.179874,0.156184,-0.0916056,-0.583158,-0.127614,-0.657288,-1.59056,1.9773,0.598001,0.841406,0.974169,-0.217966,-0.52745,0.655699
1.4915,0.209173,0.159235,0.260147,0.12398,0.0961242,0.0699348,0.985139,0.264702,0.172911,0.164818,-0.0887863,-0.579056,-0.123026,-0.658138,-1.59261,1.97985,0.589039,0.885704,0.957691,-0.139918,-0.338583,0.420909
1.49625,0.208758,0.156495,0.259573,0.12172,0.0930871,0.0748864,0.985348,0.260282,0.165977,0.173481,-0.0860099,-0.574745,-0.118516,-0.658617,-1.59377,1.98129,0.579977,0.929377,0.941016,-0.0617508,-0.149429,0.185763
1.501,0.208356,0.153775,0.259021,0.119455,0.0900451,0.0798373,0.985519,0.255804,0.159079,0.182168,-0.0832767,-0.570228,-0.114086,-0.658725,-1.59403,1.98162,0.570821,0.972404,0.924156,0.0164682,0.039851,-0.0495407
1.50575,0.207967,0.151078,0.258489,0.117185,0.0869999,0.0847845,0.985652,0.251271,0.15222,0.190877,-0.0805872,-0.565508,-0.109737,-0.658461,-1.59339,1.98082,0.561576,1.01476,0.907121,0.0946733,0.229098,-0.284802
1.5105,0.20759,0.148403,0.257978,0.114912,0.0839534,0.089725,0.985747,0.246686,0.145404,0.199602,-0.0779419,-0.560589,-0.105469,-0.657826,-1.59186,1.97891,0.552247,1.05643,0.889924,0.172798,0.41815,-0.519823
1.51525,0.207226,0.145753,0.257487,0.112638,0.0809075,0.0946559,0.985803,0.242051,0.138638,0.208339,-0.075341,-0.555473,-0.101283,-0.65682,-1.58942,1.97589,0.542839,1.09738,0.872574,0.250777,0.606849,-0.754403
1.52,0.206875,0.143127,0.257016,0.110363,0.077864,0.0995742,0.985821,0.237369,0.131923,0.217084,-0.072785,-0.550165,-0.0971795,-0.655444,-1.58609,1.97175,0.533358,1.13759,0.855084,0.328543,0.795033,-0.988344
1.52475,0.206535,0.140526,0.256564,0.10809,0.0748247,0.104477,0.9858,0.232644,0.125266,0.225832,-0.0702742,-0.544667,-0.0931597,-0.653699,-1.58187,1.9665,0.523809,1.17705,0.837465,0.406031,0.982543,-1.22145
1.5295,0.206207,0.137953,0.256131,0.105819,0.0717915,0.109361,0.985743,0.227879,0.118669,0.234578,-0.0678089,-0.538984,-0.0892238,-0.651587,-1.57676,1.96014,0.514197,1.21573,0.819728,0.483173,1.16922,-1.45351
1.53425,0.205891,0.135406,0.255716,0.103552,0.0687662,0.114224,0.985648,0.223076,0.112137,0.243319,-0.0653894,-0.533119,-0.0853724,-0.649109,-1.57076,1.95269,0.504528,1.2536,0.801884,0.559905,1.3549,-1.68434
1.539,0.205586,0.132888,0.25532,0.10129,0.0657507,0.119063,0.985516,0.218239,0.105673,0.252048,-0.063016,-0.527076,-0.081606,-0.646269,-1.56389,1.94415,0.494806,1.29065,0.783945,0.636159,1.53943,-1.91373
1.54375,0.205292,0.130399,0.254941,0.0990353,0.0627468,0.123875,0.985348,0.213372,0.0992819,0.260763,-0.0606888,-0.520859,-0.0779251,-0.643067,-1.55614,1.93451,0.485037,1.32685,0.765922,0.71187,1.72264,-2.14149
1.5485,0.205009,0.12794,0.254579,0.0967886,0.0597564,0.128657,0.985144,0.208478,0.092966,0.269457,-0.0584082,-0.514472,-0.0743299,-0.639507,-1.54753,1.9238,0.475225,1.36219,0.747826,0.786972,1.90437,-2.36742
1.55325,0.204737,0.125512,0.254235,0.0945515,0.0567811,0.133406,0.984905,0.203561,0.0867293,0.278126,-0.0561743,-0.50792,-0.0708208,-0.635592,-1.53805,1.91203,0.465377,1.39663,0.729669,0.861397,2.08447,-2.59131
1.558,0.204475,0.123115,0.253906,0.0923253,0.053823,0.13812,0.984633,0.198625,0.0805749,0.286766,-0.0539872,-0.501206,-0.0673981,-0.631325,-1.52773,1.89919,0.455498,1.43015,0.711461,0.935081,2.26278,-2.81297
1.56275,0.204224,0.120751,0.253594,0.0901114,0.0508836,0.142796,0.984327,0.193673,0.074506,0.295371,-0.0518471,-0.494335,-0.064062,-0.62671,-1.51656,1.88531,0.445592,1.46274,0.693215,1.00796,2.43913,-3.0322
1.5675,0.203983,0.11842,0.253298,0.0879112,0.0479649,0.147432,0.983989,0.188709,0.0685256,0.303937,-0.0497541,-0.487311,-0.0608126,-0.62175,-1.50456,1.87039,0.435665,1.49438,0.674941,1.07996,2.61336,-3.24879
1.57225,0.203751,0.116122,0.253016,0.085726,0.0450684,0.152024,0.98362,0.183737,0.0626365,0.312458,-0.0477083,-0.48014,-0.0576501,-0.616451,-1.49174,1.85445,0.425723,1.52503,0.656651,1.15102,2.78532,-3.46256
1.577,0.203529,0.113858,0.25275,0.0835573,0.042196,0.156571,0.983221,0.178762,0.0568413,0.320929,-0.0457097,-0.472825,-0.0545745,-0.610817,-1.4781,1.8375,0.415769,1.55468,0.638355,1.22107,2.95484,-3.6733
1.58175,0.203317,0.11163,0.252498,0.0814062,0.0393494,0.161069,0.982793,0.173786,0.0511427,0.329347,-0.0437585,-0.465372,-0.0515857,-0.604853,-1.46367,1.81956,0.40581,1.5833,0.620066,1.29005,3.12177,-3.88082
1.5865,0.203114,0.109438,0.25226,0.0792742,0.0365301,0.165517,0.982337,0.168815,0.045543,0.337705,-0.0418545,-0.457786,-0.0486838,-0.598564,-1.44845,1.80064,0.395851,1.61087,0.601794,1.35789,3.28593,-4.0849
1.59125,0.202919,0.107281,0.252035,0.0771624,0.0337399,0.169912,0.981854,0.163853,0.0400444,0.345999,-0.0399979,-0.45007,-0.0458686,-0.591955,-1.43246,1.78076,0.385897,1.63738,0.583551,1.42453,3.44719,-4.28536
1.596,0.202733,0.105162,0.251824,0.0750723,0.0309804,0.174252,0.981346,0.158904,0.034649,0.354224,-0.0381885,-0.442232,-0.04314,-0.585033,-1.41571,1.75993,0.375954,1.66279,0.565348,1.4899,3.60536,-4.482
1.60075,0.202556,0.10308,0.251625,0.073005,0.0282531,0.178534,0.980815,0.153971,0.0293586,0.362374,-0.0364263,-0.434276,-0.0404977,-0.577803,-1.39821,1.73818,0.366026,1.68709,0.547196,1.55392,3.7603,-4.67461
1.6055,0.202387,0.101037,0.251439,0.0709618,0.0255596,0.182756,0.980261,0.149059,0.024175,0.370446,-0.0347112,-0.426207,-0.0379415,-0.570273,-1.37999,1.71553,0.356118,1.71026,0.529108,1.61655,3.91184,-4.863
1.61025,0.202226,0.0990316,0.251265,0.0689439,0.0229013,0.186917,0.979686,0.144173,0.0190998,0.378433,-0.0330431,-0.41803,-0.0354711,-0.562448,-1.36105,1.69199,0.346237,1.73226,0.511092,1.6777,4.05983,-5.04697
1.615,0.202073,0.0970656,0.251102,0.0669524,0.0202799,0.191014,0.979091,0.139317,0.0141345,0.386332,-0.0314219,-0.409752,-0.033086,-0.554337,-1.34143,1.66759,0.336386,1.75309,0.493163,1.73732,4.20409,-5.22631
1.61975,0.201928,0.0951391,0.25095,0.0649885,0.0176966,0.195045,0.978479,0.134494,0.0092802,0.394137,-0.0298474,-0.401378,-0.0307859,-0.545946,-1.32112,1.64235,0.326572,1.77271,0.475329,1.79533,4.34448,-5.40083
1.6245,0.20179,0.0932526,0.250809,0.0630533,0.0151528,0.199008,0.97785,0.129709,0.00453813,0.401844,-0.0283194,-0.392913,-0.0285702,-0.537284,-1.30016,1.61629,0.3168,1.7911,0.457604,1.85168,4.48083,-5.57034
1.62925,0.201659,0.0914065,0.250679,0.0611479,0.01265,0.202902,0.977206,0.124967,-9.07801e-05,0.409447,-0.0268377,-0.384364,-0.0264385,-0.528358,-1.27856,1.58944,0.307074,1.80825,0.439997,1.90629,4.61299,-5.73463
1.634,0.201535,0.0896013,0.250558,0.0592734,0.0101894,0.206725,0.976549,0.12027,-0.00460571,0.416943,-0.0254021,-0.375737,-0.0243901,-0.519177,-1.25634,1.56182,0.297401,1.82413,0.422521,1.9591,4.74078,-5.8935
1.63875,0.201417,0.0878372,0.250447,0.0574307,0.00777227,0.210475,0.97588,0.115625,-0.00900599,0.424326,-0.0240123,-0.367037,-0.0224243,-0.509749,-1.23353,1.53346,0.287785,1.83871,0.405186,2.01005,4.86406,-6.04675
1.6435,0.201307,0.0861145,0.250345,0.0556209,0.00539981,0.214151,0.975201,0.111034,-0.0132911,0.431592,-0.0226681,-0.358271,-0.0205405,-0.500085,-1.21014,1.50439,0.278231,1.85198,0.388004,2.05906,4.98266,-6.19418
1.64825,0.201202,0.0844337,0.250251,0.053845,0.00307318,0.21775,0.974513,0.106501,-0.0174607,0.438737,-0.021369,-0.349445,-0.018738,-0.490192,-1.1862,1.47462,0.268745,1.86392,0.370987,2.10607,5.09642,-6.3356
1.653,0.201103,0.0827949,0.250167,0.0521037,0.000793483,0.221272,0.973819,0.102031,-0.0215145,0.445757,-0.0201149,-0.340566,-0.0170159,-0.48008,-1.16173,1.44421,0.259332,1.87449,0.354145,2.15101,5.20518,-6.47081
1.65775,0.201011,0.0811984,0.25009,0.0503981,-0.00143822,0.224716,0.973119,0.0976269,-0.0254524,0.452647,-0.0189052,-0.33164,-0.0153733,-0.46976,-1.13676,1.41316,0.249997,1.88369,0.337489,2.19383,5.30878,-6.59961
1.6625,0.200924,0.0796444,0.25002,0.0487289,-0.00362094,0.228079,0.972416,0.0932929,-0.0292744,0.459403,-0.0177398,-0.322673,-0.0138094,-0.459242,-1.11131,1.38152,0.240746,1.89148,0.321032,2.23444,5.40707,-6.72179
1.66725,0.200842,0.078133,0.249958,0.0470969,-0.00575372,0.231362,0.97171,0.0890327,-0.0329807,0.466022,-0.016618,-0.313673,-0.0123232,-0.448537,-1.0854,1.34932,0.231583,1.89784,0.304784,2.27279,5.49987,-6.83716
1.672,0.200766,0.0766645,0.249903,0.0455029,-0.00783568,0.234562,0.971004,0.0848496,-0.0365716,0.472499,-0.0155396,-0.304646,-0.0109136,-0.437654,-1.05907,1.31658,0.222515,1.90276,0.288757,2.30881,5.58704,-6.94552
1.67675,0.200695,0.0752389,0.249855,0.0439476,-0.00986598,0.237679,0.970299,0.0807471,-0.0400474,0.478831,-0.014504,-0.295599,-0.00957964,-0.426607,-1.03233,1.28334,0.213545,1.90621,0.272961,2.34244,5.66841,-7.04667
1.6815,0.200628,0.0738563,0.249812,0.0424316,-0.0118438,0.240712,0.969596,0.0767286,-0.0434087,0.485015,-0.0135107,-0.286539,-0.00832011,-0.415405,-1.00523,1.24965,0.204679,1.90816,0.257409,2.3736,5.74381,-7.14041
1.68625,0.200566,0.0725168,0.249775,0.0409555,-0.0137686,0.24366,0.968898,0.0727972,-0.0466561,0.491047,-0.0125593,-0.277474,-0.00713385,-0.404062,-0.977778,1.21552,0.195923,1.9086,0.242111,2.40223,5.8131,-7.22654
1.691,0.200509,0.0712203,0.249744,0.03952,-0.0156395,0.246523,0.968205,0.0689559,-0.0497902,0.496924,-0.0116493,-0.26841,-0.00601964,-0.392588,-0.950014,1.18101,0.187282,1.90751,0.227078,2.42827,5.8761,-7.30487
1.69575,0.200455,0.0699669,0.249718,0.0381255,-0.0174561,0.249299,0.967518,0.0652077,-0.052812,0.502643,-0.01078,-0.259355,-0.00497617,-0.380997,-0.921965,1.14614,0.178761,1.90485,0.212323,2.45164,5.93267,-7.37519
1.7005,0.200406,0.0687564,0.249697,0.0367725,-0.0192177,0.251988,0.96684,0.0615553,-0.0557222,0.508202,-0.00995085,-0.250316,-0.00400211,-0.369302,-0.893664,1.11096,0.170365,1.90061,0.197856,2.47229,5.98264,-7.4373
1.70525,0.200361,0.0675889,0.24968,0.0354614,-0.020924,0.254591,0.966172,0.0580012,-0.058522,0.513598,-0.0091613,-0.241302,-0.00309606,-0.357515,-0.865141,1.0755,0.1621,1.89477,0.183689,2.49015,6.02584,-7.49102
1.71,0.200319,0.066464,0.249667,0.0341925,-0.0225745,0.257105,0.965514,0.0545478,-0.0612124,0.518828,-0.00841069,-0.232319,-0.00225657,-0.34565,-0.836429,1.03981,0.15397,1.8873,0.169832,2.50514,6.06213,-7.53612
1.71475,0.200281,0.0653818,0.249658,0.0329662,-0.0241689,0.259532,0.964869,0.0511974,-0.0637945,0.523891,-0.00769836,-0.223375,-0.00148214,-0.333721,-0.807562,1.00392,0.145981,1.87819,0.156298,2.51721,6.09133,-7.57243
1.7195,0.200246,0.0643419,0.249653,0.0317828,-0.025707,0.261871,0.964237,0.0479521,-0.0662697,0.528785,-0.00702364,-0.214479,-0.000771213,-0.321741,-0.778573,0.967882,0.138138,1.8674,0.143097,2.52629,6.1133,-7.59973
1.72425,0.200214,0.0633441,0.249651,0.0306424,-0.0271885,0.264122,0.963619,0.0448135,-0.0686392,0.533509,-0.00638581,-0.205637,-0.000122174,-0.309726,-0.749497,0.931736,0.130446,1.85493,0.130241,2.5323,6.12786,-7.61784
1.729,0.200185,0.0623882,0.249652,0.0295452,-0.0286133,0.266285,0.963016,0.0417835,-0.0709045,0.53806,-0.00578415,-0.196859,0.000466638,-0.297689,-0.72037,0.895527,0.122911,1.84073,0.11774,2.5352,6.13486,-7.62654
1.73375,0.200159,0.0614739,0.249655,0.0284913,-0.0299815,0.26836,0.96243,0.0388635,-0.073067,0.542437,-0.0052179,-0.188153,0.000996942,-0.285646,-0.691229,0.859299,0.115538,1.8248,0.105607,2.5349,6.13414,-7.62564
1.7385,0.200136,0.0606007,0.249661,0.0274806,-0.0312929,0.270348,0.961862,0.0360546,-0.0751282,0.546641,-0.00468628,-0.179527,0.00147051,-0.273613,-0.662109,0.823099,0.108332,1.80711,0.093853,2.53135,6.12554,-7.61495
1.74325,0.200114,0.0597682,0.249669,0.0265132,-0.0325478,0.272248,0.961311,0.033358,-0.0770898,0.55067,-0.00418847,-0.170988,0.00188916,-0.261604,-0.633049,0.786973,0.101298,1.78764,0.0824884,2.52447,6.10889,-7.59426
1.748,0.200096,0.0589761,0.249679,0.025589,-0.0337462,0.274062,0.960779,0.0307745,-0.0789533,0.554524,-0.00372366,-0.162547,0.00225478,-0.249636,-0.604087,0.75097,0.0944416,1.76637,0.0715249,2.5142,6.08405,-7.56337
1.75275,0.200079,0.0582239,0.249691,0.0247079,-0.0348885,0.275789,0.960267,0.0283046,-0.0807205,0.558203,-0.00329099,-0.154211,0.0025693,-0.237724,-0.575263,0.715138,0.0877678,1.74327,0.0609738,2.50048,6.05084,-7.52209
1.7575,0.200064,0.0575109,0.249703,0.0238696,-0.0359749,0.277431,0.959775,0.0259487,-0.0823932,0.561707,-0.00288957,-0.145989,0.0028347,-0.225887,-0.546618,0.679527,0.0812819,1.71832,0.0508463,2.48323,6.00911,-7.47022
1.76225,0.200052,0.0568368,0.249717,0.0230738,-0.0370059,0.278988,0.959304,0.0237069,-0.0839731,0.565037,-0.00251851,-0.13789,0.00305303,-0.214139,-0.518191,0.644188,0.0749892,1.6915,0.0411539,2.4624,5.9587,-7.40755
1.767,0.20004,0.0562008,0.249732,0.0223202,-0.037982,0.280461,0.958854,0.0215791,-0.0854622,0.568193,-0.00217686,-0.129923,0.00322637,-0.2025,-0.490024,0.609172,0.0688948,1.66278,0.0319077,2.43791,5.89944,-7.33388
1.77175,0.200031,0.0556023,0.249748,0.0216084,-0.0389036,0.281851,0.958426,0.0195651,-0.0868624,0.571178,-0.00186368,-0.122096,0.00335688,-0.190985,-0.46216,0.574534,0.063004,1.63216,0.023119,2.40971,5.83119,-7.24903
1.7765,0.200023,0.0550406,0.249764,0.020938,-0.0397715,0.283159,0.958019,0.0176642,-0.0881756,0.573992,-0.00157799,-0.11442,0.00344675,-0.179614,-0.434642,0.540325,0.057322,1.59959,0.0147991,2.37771,5.75377,-7.15278
1.78125,0.200016,0.054515,0.249781,0.0203084,-0.0405864,0.284387,0.957635,0.0158755,-0.0894039,0.576636,-0.00131878,-0.106903,0.00349823,-0.168403,-0.407514,0.5066,0.0518541,1.56507,0.00695937,2.34187,5.66702,-7.04495
1.786,0.20001,0.0540248,0.249797,0.0197189,-0.0413492,0.285536,0.957272,0.0141981,-0.0905495,0.579115,-0.00108503,-0.0995551,0.00351364,-0.157372,-0.380821,0.473416,0.0466054,1.52856,-0.000389012,2.3021,5.5708,-6.92533
1.79075,0.200005,0.053569,0.249814,0.019169,-0.0420606,0.286607,0.956933,0.0126305,-0.0916143,0.581428,-0.000875678,-0.0923851,0.00349533,-0.146539,-0.354607,0.440829,0.0415812,1.49005,-0.00723473,2.25835,5.46493,-6.79371
1.7955,0.200002,0.0531468,0.24983,0.0186579,-0.0427217,0.287602,0.956615,0.0111713,-0.0926008,0.58358,-0.000689646,-0.0854029,0.00344572,-0.135924,-0.328919,0.408895,0.0367867,1.44951,-0.0135665,2.21055,5.34926,-6.64992
1.80025,0.199999,0.0527573,0.249847,0.0181848,-0.0433336,0.288522,0.956319,0.0098185,-0.0935112,0.585574,-0.000525833,-0.078618,0.00336728,-0.125546,-0.303805,0.377674,0.0322271,1.40693,-0.019373,2.15863,5.22362,-6.49373
1.805,0.199997,0.0523996,0.249862,0.0177487,-0.0438975,0.28937,0.956045,0.00857009,-0.0943478,0.587412,-0.000383108,-0.0720404,0.00326253,-0.115424,-0.279311,0.347225,0.0279078,1.36227,-0.0246431,2.10253,5.08786,-6.32496
1.80975,0.199995,0.0520726,0.249878,0.0173488,-0.0444145,0.290148,0.955793,0.00742373,-0.095113,0.589099,-0.00026032,-0.0656798,0.00313404,-0.105578,-0.255486,0.317607,0.0238337,1.31552,-0.0293653,2.04218,4.94181,-6.14341
1.8145,0.199994,0.0517753,0.249892,0.0169839,-0.0448862,0.290856,0.955562,0.00637681,-0.0958093,0.590639,-0.000156291,-0.0595463,0.00298444,-0.0960299,-0.23238,0.288883,0.0200103,1.26665,-0.0335284,1.97751,4.78532,-5.94887
1.81925,0.199994,0.0515065,0.249906,0.016653,-0.0453138,0.291499,0.955352,0.00542645,-0.0964394,0.592036,-6.9817e-05,-0.05365,0.00281642,-0.0867989,-0.210043,0.261114,0.0164428,1.21565,-0.0371212,1.90846,4.61823,-5.74115
1.824,0.199993,0.0512652,0.249919,0.016355,-0.045699,0.292077,0.955162,0.00456954,-0.0970059,0.593295,3.28943e-07,-0.048001,0.00263271,-0.0779065,-0.188524,0.234363,0.0131363,1.16249,-0.0401324,1.83496,4.44037,-5.52004
1.82875,0.199994,0.0510501,0.249931,0.0160885,-0.0460434,0.292594,0.954992,0.00380269,-0.0975115,0.594422,5.53993e-05,-0.0426098,0.0024361,-0.069374,-0.167876,0.208695,0.0100961,1.10714,-0.0425506,1.75695,4.25159,-5.28536
1.8335,0.199994,0.05086,0.249942,0.0158522,-0.0463488,0.293053,0.954841,0.00312225,-0.097959,0.595421,9.66715e-05,-0.0374866,0.00222944,-0.0612228,-0.148151,0.184174,0.00732736,1.0496,-0.0443646,1.67435,4.05173,-5.03689
1.83825,0.199995,0.0506936,0.249952,0.0156446,-0.0466169,0.293455,0.954707,0.00252432,-0.0983515,0.596298,0.000125447,-0.0326421,0.00201561,-0.053475,-0.129403,0.160867,0.00483539,0.98982,-0.0455631,1.58711,3.84061,-4.77445
1.843,0.199995,0.0505494,0.249961,0.0154644,-0.0468498,0.293805,0.954591,0.00200472,-0.0986919,0.59706,0.000143054,-0.0280869,0.00179758,-0.0461527,-0.111684,0.138839,0.00262538,0.927796,-0.0461348,1.49516,3.6181,-4.49783
1.84775,0.199996,0.0504263,0.249969,0.0153099,-0.0470494,0.294104,0.954492,0.00155901,-0.0989835,0.597714,0.000150843,-0.0238317,0.00157834,-0.0392785,-0.0950491,0.11816,0.000702556,0.863501,-0.0460685,1.39843,3.38401,-4.20683
1.8525,0.199997,0.0503226,0.249976,0.0151794,-0.047218,0.294357,0.954408,0.00118249,-0.0992295,0.598266,0.000150191,-0.0198873,0.00136096,-0.0328753,-0.0795541,0.0988975,-0.00092786,0.796912,-0.0453528,1.29685,3.13821,-3.90126
1.85725,0.199997,0.0502368,0.249982,0.0150712,-0.0473577,0.294567,0.954338,0.000870205,-0.0994332,0.598724,0.0001425,-0.0162647,0.00114854,-0.0269662,-0.0652549,0.0811215,-0.00226064,0.728008,-0.0439765,1.19036,2.88051,-3.58091
1.862,0.199998,0.0501675,0.249987,0.0149834,-0.0474711,0.294737,0.954281,0.000616921,-0.0995984,0.599096,0.000129195,-0.0129749,0.000944245,-0.0215748,-0.0522083,0.0649026,-0.00329056,0.656766,-0.0419283,1.07889,2.61078,-3.24558
1.86675,0.199999,0.050113,0.249991,0.0149143,-0.0475604,0.294871,0.954236,0.000417148,-0.0997285,0.599389,0.000111727,-0.0100291,0.0007513,-0.0167248,-0.0404719,0.0503125,-0.0040124,0.583164,-0.0391969,0.962377,2.32883,-2.89508
1.8715,0.199999,0.0500717,0.249994,0.0148616,-0.0476284,0.294973,0.954202,0.00026513,-0.0998275,0.599611,9.15731e-05,-0.00743861,0.000572974,-0.0124403,-0.030104,0.0374237,-0.00442093,0.50718,-0.035771,0.840754,2.03452,-2.52921
1.87625,0.199999,0.0500418,0.249997,0.0148235,-0.0476777,0.295047,0.954177,0.000154845,-0.0998993,0.599773,7.02329e-05,-0.00521472,0.000412592,-0.00874581,-0.0211638,0.0263097,-0.00451092,0.428791,-0.0316394,0.713956,1.72768,-2.14777
1.881,0.2,0.0500215,0.249998,0.0147975,-0.0477112,0.295097,0.954161,8.00066e-05,-0.099948,0.599883,4.9232e-05,-0.00336894,0.000273535,-0.00566603,-0.0137111,0.0170449,-0.00427716,0.347975,-0.0267907,0.581914,1.40816,-1.75055
1.88575,0.2,0.0500091,0.249999,0.0147816,-0.0477317,0.295128,0.95415,3.406e-05,-0.0999778,0.59995,3.01208e-05,-0.00191283,0.000159233,-0.00322603,-0.00780658,0.00970474,-0.00371441,0.264711,-0.0212138,0.444564,1.07579,-1.33737
1.8905,0.2,0.0500027,0.25,0.0147734,-0.0477424,0.295144,0.954145,1.01832e-05,-0.0999934,0.599985,1.44743e-05,-0.000858097,7.3175e-05,-0.00145118,-0.00351167,0.00436552,-0.00281745,0.178975,-0.0148972,0.30184,0.730414,-0.908012
1.89525,0.2,0.0500003,0.25,0.0147703,-0.0477463,0.29515,0.954143,1.28437e-06,-0.0999992,0.599998,3.89246e-06,-0.00021652,1.88994e-05,-0.000367167,-0.000888499,0.00110454,-0.00158105,0.0907453,-0.00782966,0.153673,0.37187,-0.46229
1.9,0.2,0.05,0.25,0.0147699,-0.0477469,0.295151,0.954143,0,-0.1,0.6,1.38778e-16,1.11022e-15,1.11022e-15,-0,-0,0,0,0,8.32667e-15,6.24077e-15,1.51019e-14,-1.87739e-14
