t,q0,q1,q2,q3,q4,q5,qdot0,qdot1,qdot2,qdot3,qdot4,qdot5,qddot0,qddot1,qddot2,qddot3,qddot4,qddot5,jerk0,jerk1,jerk2,jerk3,jerk4,jerk5
0,0,0,0,0,0,0,0,0,0,0,0,0,0,0,0,0,0,0,35.5259,-48.9006,78.8024,55.375,44.0461,-86.2732
0.00475,6.3074e-07,-8.65306e-07,1.39358e-06,9.7865e-07,7.79537e-07,-1.52548e-06,0.000397559,-0.000544796,0.000877215,0.000615899,0.000490825,-0.000960203,0.166717,-0.227947,0.366883,0.257479,0.205389,-0.401554,34.6718,-47.0806,75.6812,53.0424,42.4366,-82.8093
0.0095,5.01544e-06,-6.8575e-06,1.10372e-05,7.74598e-06,6.17887e-06,-1.20803e-05,0.00157741,-0.00215189,0.00346206,0.00242862,0.00193916,-0.00378887,0.329393,-0.4473,0.719034,0.503951,0.403178,-0.786758,33.8246,-45.2822,72.5994,50.7402,40.8464,-79.3892
0.01425,1.68245e-05,-2.29259e-05,3.68768e-05,2.58633e-05,2.06608e-05,-4.0356e-05,0.00352045,-0.0047807,0.00768501,0.00538623,0.00430913,-0.00840885,0.488061,-0.658162,1.05664,0.73956,0.59346,-1.15582,32.9842,-43.5054,69.5572,48.4686,39.2756,-76.0129
0.019,3.9638e-05,-5.38284e-05,8.65297e-05,6.06467e-05,4.85187e-05,-9.46799e-05,0.0062077,-0.00839114,0.0134774,0.00943747,0.00756529,-0.0147439,0.642754,-0.860635,1.37989,0.964451,0.776327,-1.50895,32.1505,-41.7502,66.5544,46.2274,37.7241,-72.6803
0.02375,7.69463e-05,-0.000104133,0.00016729,0.000117171,9.38788e-05,-0.00018302,0.00962036,-0.0129436,0.0207715,0.0145318,0.0116726,-0.022719,0.793502,-1.05482,1.68897,1.17877,0.95187,-1.84635,31.3237,-40.0167,63.5911,44.0168,36.1919,-69.3915
0.0285,0.000132151,-0.000178222,0.000286131,0.000200271,0.000160702,-0.000312989,0.0137398,-0.018399,0.0295005,0.0206193,0.0165966,-0.0322597,0.94034,-1.24083,1.98407,1.38266,1.12018,-2.16824,30.5038,-38.3047,60.6673,41.8366,34.679,-66.1465
0.03325,0.000208564,-0.000280292,0.000449712,0.000314548,0.000252785,-0.00049185,0.0185475,-0.0247187,0.0395983,0.0276507,0.0223031,-0.043293,1.0833,-1.41875,2.26537,1.57626,1.28135,-2.47481,29.6906,-36.6144,57.783,39.6869,33.1855,-62.9452
0.038,0.000309412,-0.000414358,0.000664379,0.000464371,0.000373766,-0.000726521,0.024025,-0.0318645,0.051,0.0355777,0.0287583,-0.0557465,1.22241,-1.5887,2.53307,1.75973,1.43547,-2.76629,28.8843,-34.9457,54.9381,37.5677,31.7113,-59.7877
0.04275,0.000437834,-0.000584254,0.000936174,0.000653879,0.000527122,-0.00102358,0.0301543,-0.0397989,0.0636412,0.0443524,0.035929,-0.0695491,1.35771,-1.75077,2.78735,1.93321,1.58264,-3.04287,28.0848,-33.2986,52.1327,35.479,30.2564,-56.6739
0.0475,0.000596881,-0.000793637,0.00127083,0.000886986,0.000716173,-0.00138926,0.0369173,-0.0484845,0.0774588,0.0539276,0.0437825,-0.0846305,1.48923,-1.90507,3.02839,2.09683,1.72294,-3.30476,27.2921,-31.6732,49.3668,33.4208,28.8208,-53.6039
0.05225,0.000789523,-0.00104599,0.0016738,0.00116738,0.000944085,-0.00182948,0.0442961,-0.0578849,0.0923903,0.0642569,0.0522862,-0.100921,1.617,-2.0517,3.25639,2.25075,1.85647,-3.55217,26.5062,-30.0694,46.6404,31.3931,27.4046,-50.5777
0.057,0.00101864,-0.00134462,0.00215021,0.00149855,0.00121387,-0.00234982,0.0522729,-0.0679637,0.108374,0.0752946,0.0614083,-0.118354,1.74105,-2.19076,3.47154,2.39511,1.98331,-3.78532,25.7272,-28.4872,43.9535,29.3958,26.0077,-47.5952
0.06175,0.00128703,-0.00169266,0.00270492,0.00188373,0.00152839,-0.00295554,0.0608302,-0.0786853,0.12535,0.0869956,0.0711173,-0.13686,1.86141,-2.32236,3.67401,2.53006,2.10357,-4.0044,24.9549,-26.9266,41.306,27.4291,24.6301,-44.6565
0.0665,0.00159742,-0.00209309,0.00334251,0.00232599,0.00189037,-0.00365159,0.0699505,-0.0900145,0.143258,0.0993155,0.081382,-0.156373,1.97813,-2.4466,3.86401,2.65574,2.21733,-4.20962,24.1895,-25.3876,38.6981,25.4928,23.2719,-41.7616
0.07125,0.00195243,-0.00254871,0.00406725,0.00282814,0.00230235,-0.00444258,0.0796167,-0.101917,0.162038,0.112211,0.0921718,-0.176829,2.09123,-2.56358,4.04171,2.77229,2.32468,-4.4012,23.4309,-23.8703,36.1296,23.5871,21.9329,-38.9104
0.076,0.00235461,-0.00306215,0.00488316,0.00339283,0.00276678,-0.00533286,0.0898115,-0.114357,0.181635,0.125638,0.103456,-0.198164,2.20073,-2.6734,4.2073,2.87986,2.42572,-4.57934,22.6792,-22.3745,33.6006,21.7118,20.6134,-36.103
0.08075,0.00280645,-0.0036359,0.00579398,0.00402248,0.00328593,-0.00632643,0.100518,-0.127303,0.201989,0.139555,0.115206,-0.220312,2.30669,-2.77617,4.36098,2.9786,2.52054,-4.74425,21.9342,-20.9004,31.111,19.867,19.3131,-33.3394
0.0855,0.00331032,-0.00427227,0.00680317,0.00471932,0.00386193,-0.00742701,0.111719,-0.14072,0.223045,0.153921,0.127392,-0.243213,2.40912,-2.87199,4.50292,3.06865,2.60923,-4.89613,21.1961,-19.448,28.661,18.0527,18.0321,-30.6195
0.09025,0.00386854,-0.00497343,0.00791393,0.00548537,0.00449679,-0.00863805,0.123399,-0.154576,0.244748,0.168694,0.139984,-0.266805,2.50806,-2.96096,4.63332,3.15015,2.69188,-5.0352,20.4648,-18.0171,26.2504,16.2689,16.7705,-27.9434
0.095,0.00448334,-0.00574138,0.00912922,0.00632249,0.00519238,-0.00996266,0.135541,-0.168838,0.267044,0.183834,0.152955,-0.291028,2.60355,-3.04319,4.75236,3.22325,2.76858,-5.16166,19.7403,-16.6079,23.8793,14.5155,15.5282,-25.311
0.09975,0.00515688,-0.00657799,0.0104517,0.00723232,0.00595042,-0.0114037,0.148127,-0.183475,0.289878,0.199302,0.166277,-0.315821,2.69561,-3.11877,4.86023,3.2881,2.83943,-5.27573,19.0227,-15.2203,21.5477,12.7927,14.3053,-22.7224
0.1045,0.00589123,-0.00748495,0.0118838,0.00821631,0.00677252,-0.0129638,0.161143,-0.198456,0.313199,0.215058,0.179921,-0.341128,2.78427,-3.18781,4.95713,3.34483,2.90451,-5.3776,18.3118,-13.8543,19.2556,11.1003,13.1016,-20.1776
0.10925,0.0066884,-0.00846382,0.0134278,0.00927577,0.00766014,-0.0146451,0.174573,-0.21375,0.336954,0.231065,0.193861,-0.36689,2.86958,-3.25042,5.04322,3.3936,2.96392,-5.46748,17.6078,-12.5099,17.0029,9.43848,11.9173,-17.6765
0.114,0.0075503,-0.00951601,0.0150855,0.0104118,0.00861462,-0.0164499,0.188399,-0.229325,0.361092,0.247285,0.208069,-0.39305,2.95156,-3.30669,5.11872,3.43454,3.01776,-5.54559,16.9106,-11.1871,14.7898,7.8071,10.7524,-15.2192
0.11875,0.00847879,-0.0106428,0.0168587,0.0116253,0.00963718,-0.0183797,0.202607,-0.245153,0.385565,0.263681,0.22252,-0.419554,3.03024,-3.35673,5.18379,3.46781,3.0661,-5.61214,16.2202,-9.88601,12.6161,6.20622,9.6067,-12.8057
0.1235,0.00947565,-0.0118453,0.0187488,0.012917,0.0107289,-0.0204361,0.217181,-0.261204,0.410322,0.280217,0.237189,-0.446348,3.10566,-3.40064,5.23863,3.49355,3.10905,-5.66732,15.5367,-8.60649,10.4819,4.63583,8.48037,-10.4359
0.12825,0.0105426,-0.0131246,0.0207571,0.0142875,0.0118908,-0.0226203,0.232106,-0.27745,0.435316,0.296858,0.252048,-0.473376,3.17785,-3.43853,5.28343,3.5119,3.14669,-5.71135,14.8599,-7.34861,8.38716,3.09592,7.37337,-8.10994
0.133,0.0116812,-0.0144814,0.0228846,0.0157372,0.0131236,-0.0249334,0.247366,-0.293861,0.460499,0.313569,0.267074,-0.500588,3.24684,-3.47049,5.31837,3.52301,3.17913,-5.74443,14.19,-6.11234,6.33191,1.58651,6.2857,-5.8277
0.13775,0.0128931,-0.0159165,0.0251321,0.0172664,0.0144282,-0.0273761,0.262946,-0.31041,0.485825,0.330315,0.282242,-0.527931,3.31267,-3.49663,5.34365,3.52702,3.20644,-5.76678,13.5269,-4.89769,4.31614,0.107579,5.21736,-3.58923
0.1425,0.0141797,-0.0174304,0.0275001,0.0188752,0.0158051,-0.0299489,0.278831,-0.32707,0.511249,0.347065,0.297527,-0.555356,3.37536,-3.51705,5.35944,3.52408,3.22872,-5.7786,12.8706,-3.70466,2.33986,-1.34086,4.16834,-1.39451
0.14725,0.0155424,-0.0190238,0.029989,0.0205635,0.0172549,-0.0326521,0.295007,-0.343813,0.536725,0.363783,0.312907,-0.582812,3.43495,-3.53186,5.36594,3.51433,3.24607,-5.7801,12.2212,-2.53326,0.403056,-2.75881,3.13864,0.756434
0.152,0.0169827,-0.0206967,0.032599,0.0223311,0.0187778,-0.0354856,0.311458,-0.360614,0.562211,0.38044,0.328357,-0.610251,3.49147,-3.54115,5.36333,3.49792,3.25857,-5.77148,11.5785,-1.38348,-1.49427,-4.14627,2.12828,2.86362
0.15675,0.0185017,-0.0224496,0.03533,0.0241775,0.0203743,-0.0384493,0.328171,-0.377446,0.587663,0.397003,0.343856,-0.637625,3.54495,-3.54504,5.3518,3.47499,3.26632,-5.75296,10.9427,-0.255314,-3.35211,-5.50324,1.13724,4.92704
0.1615,0.0201007,-0.0242825,0.0381817,0.0261024,0.0220445,-0.0415429,0.345131,-0.394283,0.613039,0.413442,0.35938,-0.664888,3.59544,-3.54361,5.33155,3.44569,3.2694,-5.72474,10.3137,0.851227,-5.17047,-6.82972,0.165527,6.94669
0.16625,0.0217808,-0.0261953,0.0411537,0.028105,0.0237884,-0.0447655,0.362323,-0.411102,0.638299,0.429728,0.374908,-0.691995,3.64295,-3.53698,5.30275,3.41016,3.26792,-5.68704,9.69158,1.93615,-6.94936,-8.12572,-0.786858,8.92259
0.171,0.0235431,-0.0281879,0.0442453,0.0301845,0.0256061,-0.0481165,0.379734,-0.427877,0.663402,0.445829,0.390418,-0.718901,3.68752,-3.52525,5.26559,3.36854,3.26196,-5.64005,9.07623,2.99945,-8.68876,-9.39122,-1.71992,10.8547
0.17575,0.0253886,-0.03026,0.0474557,0.03234,0.0274974,-0.0515947,0.39735,-0.444584,0.688309,0.461719,0.405889,-0.745561,3.72918,-3.50852,5.22027,3.32099,3.25161,-5.58399,8.4677,4.04112,-10.3887,-10.6262,-2.63365,12.7431
0.1805,0.0273182,-0.0324113,0.0507838,0.0345705,0.029462,-0.0551989,0.415157,-0.4612,0.712982,0.47737,0.421301,-0.771934,3.76797,-3.4869,5.16696,3.26764,3.23697,-5.51906,7.86599,5.06118,-12.0491,-11.8308,-3.52805,14.5877
0.18525,0.0293329,-0.0346412,0.0542286,0.0368746,0.0314996,-0.0589276,0.433141,-0.477702,0.737383,0.492753,0.436634,-0.797979,3.80392,-3.46048,5.10586,3.20864,3.21813,-5.44547,7.27111,6.05962,-13.6701,-13.0048,-4.40313,16.3885
0.19,0.0314333,-0.0369492,0.0577885,0.0392512,0.0336098,-0.0627791,0.451289,-0.494067,0.761476,0.507843,0.451867,-0.823653,3.83706,-3.42936,5.03716,3.14414,3.19517,-5.36344,6.68304,7.03643,-15.2516,-14.1483,-5.25888,18.1456
0.19475,0.0336203,-0.0393346,0.0614621,0.0416986,0.0357921,-0.0667516,0.469589,-0.510273,0.785224,0.522614,0.466982,-0.848918,3.86742,-3.39366,4.96103,3.07428,3.1682,-5.27316,6.1018,7.99162,-16.7936,-15.2614,-6.09531,19.8589
0.1995,0.0358946,-0.0417966,0.0652475,0.0442155,0.0380459,-0.0708431,0.488026,-0.5263,0.808594,0.53704,0.481959,-0.873735,3.89503,-3.35348,4.87768,2.99921,3.1373,-5.17485,5.52737,8.9252,-18.2961,-16.344,-6.9124,21.5284
0.20425,0.0382568,-0.0443341,0.069143,0.0467999,0.0403705,-0.0750513,0.506587,-0.542124,0.831551,0.551098,0.49678,-0.898067,3.91994,-3.30891,4.78728,2.91906,3.10256,-5.06871,4.95977,9.83715,-19.7591,-17.3961,-7.71017,23.1542
0.209,0.0407074,-0.0469464,0.0731466,0.0494503,0.0427651,-0.0793739,0.525261,-0.557727,0.854062,0.564764,0.511427,-0.921876,3.94216,-3.26006,4.69003,2.83399,3.06408,-4.95495,4.39899,10.7275,-21.1827,-18.4177,-8.48862,24.7362
0.21375,0.0432469,-0.0496322,0.0772559,0.0521645,0.0452288,-0.0838083,0.544034,-0.573088,0.876096,0.578014,0.525883,-0.945127,3.96174,-3.20703,4.58611,2.74414,3.02195,-4.83378,3.84503,11.5962,-22.5668,-19.4088,-9.24773,26.2745
0.2185,0.0458758,-0.0523903,0.0814687,0.0549407,0.0477606,-0.0883517,0.562893,-0.588188,0.89762,0.590826,0.54013,-0.967785,3.9787,-3.14993,4.47571,2.64966,2.97626,-4.70541,3.29789,12.4433,-23.9114,-20.3694,-9.98752,27.769
0.22325,0.0485945,-0.0552195,0.0857824,0.0577766,0.0503596,-0.0930012,0.581827,-0.603006,0.918605,0.603178,0.554152,-0.989817,3.99308,-3.08885,4.35902,2.55068,2.9271,-4.57005,2.75757,13.2687,-25.2165,-21.2995,-10.708,29.2197
0.228,0.0514033,-0.0581184,0.0901945,0.0606701,0.0530247,-0.0977539,0.600823,-0.617526,0.939021,0.61505,0.567932,-1.01119,4.00491,-3.02391,4.23622,2.44736,2.87456,-4.42789,2.22407,14.0726,-26.4821,-22.1991,-11.4091,30.6267
0.23275,0.0543024,-0.0610855,0.0947022,0.0636188,0.0557546,-0.102606,0.61987,-0.631728,0.95884,0.626422,0.581455,-1.03187,4.01422,-2.9552,4.1075,2.33984,2.81874,-4.27916,1.69739,14.8548,-27.7083,-23.0683,-12.0909,31.9899
0.2375,0.0572921,-0.0641193,0.0993025,0.0666203,0.0585481,-0.107556,0.638955,-0.645594,0.978033,0.637272,0.594705,-1.05183,4.02105,-2.88282,3.97305,2.22826,2.75973,-4.12406,1.17754,15.6154,-28.8949,-23.9069,-12.7534,33.3093
0.24225,0.0603725,-0.0672181,0.103992,0.0696721,0.0614038,-0.112598,0.658066,-0.659109,0.996575,0.647584,0.607668,-1.07104,4.02542,-2.80689,3.83306,2.11277,2.69762,-3.96279,0.664499,16.3544,-30.0421,-24.7151,-13.3966,34.585
0.247,0.0635438,-0.0703802,0.108769,0.0727715,0.0643204,-0.117729,0.677192,-0.672254,1.01444,0.657338,0.620328,-1.08947,4.02737,-2.72749,3.68771,1.99352,2.63249,-3.79557,0.158284,17.0718,-31.1499,-25.4928,-14.0204,35.8169
0.25175,0.0668059,-0.0736039,0.113629,0.0759159,0.0672964,-0.122946,0.696322,-0.685015,1.0316,0.666517,0.632672,-1.10709,4.02693,-2.64474,3.5372,1.87064,2.56445,-3.6226,-0.34111,17.7675,-32.2181,-26.24,-14.6249,37.005
0.2565,0.0701588,-0.0768872,0.118568,0.0791024,0.0703303,-0.128245,0.715444,-0.697374,1.04803,0.675103,0.644686,-1.12388,4.02414,-2.55873,3.3817,1.74428,2.49359,-3.44409,-0.833683,18.4416,-33.2468,-26.9567,-15.2101,38.1494
0.26125,0.0736026,-0.0802283,0.123584,0.0823284,0.0734204,-0.133622,0.734548,-0.709318,1.06372,0.683082,0.656356,-1.1398,4.01902,-2.46958,3.22142,1.6146,2.41999,-3.26025,-1.31944,19.0941,-34.2361,-27.6429,-15.7759,39.25
0.266,0.077137,-0.0836251,0.128672,0.0855907,0.0765651,-0.139072,0.753621,-0.72083,1.07863,0.690437,0.667671,-1.15484,4.01162,-2.37737,3.05652,1.48173,2.34375,-3.07129,-1.79837,19.725,-35.1859,-28.2986,-16.3224,40.3068
0.27075,0.0807619,-0.0870755,0.133829,0.0888865,0.0797627,-0.144591,0.772654,-0.731898,1.09275,0.697154,0.678618,-1.16897,4.00195,-2.28223,2.88721,1.34581,2.26496,-2.87741,-2.27048,20.3342,-36.0962,-28.9239,-16.8496,41.3199
0.2755,0.0844771,-0.0905774,0.139052,0.0922127,0.0830114,-0.150176,0.791636,-0.742507,1.10605,0.703218,0.689185,-1.18217,3.99006,-2.18423,2.71367,1.207,2.18371,-2.67882,-2.73577,20.9219,-36.9671,-29.5186,-17.3575,42.2892
0.28025,0.0882823,-0.0941285,0.144336,0.095566,0.0863093,-0.15582,0.810557,-0.752644,1.11852,0.708616,0.699359,-1.19441,3.97597,-2.0835,2.53609,1.06543,2.10009,-2.47573,-3.19424,21.4879,-37.7984,-30.0829,-17.846,43.2148
0.285,0.0921773,-0.0977267,0.149676,0.0989434,0.0896547,-0.161521,0.829405,-0.762296,1.13014,0.713335,0.709132,-1.20568,3.95972,-1.98013,2.35465,0.921258,2.0142,-2.26835,-3.64589,22.0323,-38.5903,-30.6166,-18.3153,44.0966
0.28975,0.0961616,-0.10137,0.15507,0.102342,0.0930454,-0.167273,0.848171,-0.771451,1.14089,0.717364,0.718491,-1.21595,3.94135,-1.87423,2.16954,0.774621,1.92613,-2.05688,-4.09071,22.5551,-39.3427,-31.1199,-18.7651,44.9346
0.2945,0.100235,-0.105055,0.160513,0.105757,0.0964797,-0.173071,0.866844,-0.780097,1.15074,0.72069,0.727427,-1.22521,3.92087,-1.76589,1.98096,0.625667,1.83596,-1.84154,-4.52872,23.0562,-40.0556,-31.5927,-19.1957,45.7289
0.29925,0.104396,-0.10878,0.166001,0.109187,0.0999553,-0.178911,0.885416,-0.788224,1.1597,0.723304,0.735929,-1.23344,3.89833,-1.65523,1.78908,0.474539,1.7438,-1.62253,-4.9599,23.5357,-40.729,-32.035,-19.6069,46.4794
0.304,0.108646,-0.112542,0.171529,0.112628,0.10347,-0.184787,0.903875,-0.795819,1.16774,0.725195,0.74399,-1.24062,3.87376,-1.54234,1.59409,0.321382,1.64972,-1.40005,-5.38427,23.9936,-41.363,-32.4468,-19.9988,47.1861
0.30875,0.112983,-0.116339,0.177093,0.116075,0.107022,-0.190695,0.922213,-0.802872,1.17484,0.726354,0.751599,-1.24674,3.84719,-1.42732,1.39619,0.166342,1.55384,-1.17433,-5.80181,24.4299,-41.9574,-32.8282,-20.3714,47.8491
0.3135,0.117407,-0.120168,0.182689,0.119527,0.11061,-0.196629,0.94042,-0.809375,1.18099,0.726773,0.758748,-1.25177,3.81866,-1.31029,1.19556,0.00956288,1.45623,-0.945556,-6.21254,24.8446,-42.5124,-33.179,-20.7247,48.4683
0.31825,0.121917,-0.124027,0.188311,0.122978,0.11423,-0.202585,0.958487,-0.815317,1.18619,0.726443,0.76543,-1.25572,3.78819,-1.19134,0.992385,-0.14881,1.35698,-0.713947,-6.61644,25.2376,-43.0279,-33.4993,-21.0586,49.0437
0.323,0.126512,-0.127913,0.193956,0.126427,0.117881,-0.208557,0.976405,-0.82069,1.19042,0.725357,0.771637,-1.25855,3.75581,-1.07057,0.786856,-0.308633,1.2562,-0.479709,-7.01352,25.6091,-43.504,-33.7892,-21.3732,49.5754
0.32775,0.131192,-0.131823,0.199618,0.129868,0.12156,-0.21454,0.994165,-0.825485,1.19366,0.723508,0.777362,-1.26027,3.72157,-0.948083,0.57916,-0.469759,1.15397,-0.24305,-7.40378,25.9589,-43.9405,-34.0486,-21.6685,50.0633
0.3325,0.135957,-0.135754,0.205294,0.133299,0.125265,-0.220528,1.01176,-0.829694,1.19592,0.720892,0.782598,-1.26086,3.68549,-0.823991,0.369484,-0.632046,1.05038,-0.00417677,-7.78722,26.287,-44.3376,-34.2775,-21.9444,50.5075
0.33725,0.140804,-0.139704,0.210978,0.136715,0.128994,-0.226516,1.02917,-0.83331,1.19717,0.717502,0.787339,-1.26031,3.6476,-0.698391,0.158016,-0.795347,0.945528,0.236702,-8.16384,26.5936,-44.6952,-34.4758,-22.201,50.9079
0.342,0.145733,-0.14367,0.216666,0.140114,0.132744,-0.232499,1.04641,-0.836327,1.19742,0.713335,0.791579,-1.25861,3.60794,-0.571386,-0.0550575,-0.959518,0.839502,0.479379,-8.53364,26.8785,-45.0133,-34.6437,-22.4383,51.2645
0.34675,0.150744,-0.147648,0.222352,0.143491,0.136513,-0.238471,1.06345,-0.838736,1.19665,0.708386,0.795312,-1.25575,3.56654,-0.443079,-0.269548,-1.12441,0.732394,0.723646,-8.89661,27.1419,-45.2919,-34.7812,-22.6563,51.5774
0.3515,0.155836,-0.151637,0.228032,0.146842,0.140298,-0.244427,1.08029,-0.840534,1.19485,0.702652,0.798535,-1.25173,3.52343,-0.313572,-0.485268,-1.28989,0.624297,0.969295,-9.25277,27.3835,-45.531,-34.8881,-22.8549,51.8465
0.35625,0.161007,-0.155632,0.233701,0.150165,0.144098,-0.25036,1.09692,-0.841714,1.19203,0.696131,0.801242,-1.24654,3.47865,-0.182969,-0.70203,-1.4558,0.515303,1.21612,-9.6021,27.6036,-45.7307,-34.9645,-23.0342,52.0718
0.361,0.166256,-0.159632,0.239355,0.153454,0.147909,-0.256267,1.11333,-0.842271,1.18818,0.688821,0.803429,-1.24017,3.43222,-0.0513722,-0.919647,-1.62201,0.405503,1.46391,-9.94462,27.8021,-45.8909,-35.0105,-23.1942,52.2534
0.36575,0.171583,-0.163633,0.244988,0.156707,0.15173,-0.26214,1.12952,-0.8422,1.1833,0.680722,0.805093,-1.23263,3.38419,0.0811162,-1.13793,-1.78835,0.294988,1.71246,-10.2803,27.9789,-46.0116,-35.0259,-23.3349,52.3912
0.3705,0.176986,-0.167632,0.250595,0.15992,0.155557,-0.267975,1.14548,-0.841499,1.17737,0.671832,0.80623,-1.22391,3.33457,0.214393,-1.35669,-1.9547,0.183852,1.96155,-10.6092,28.1341,-46.0928,-35.0109,-23.4562,52.4852
0.37525,0.182465,-0.171626,0.256171,0.163088,0.159388,-0.273765,1.1612,-0.840162,1.17041,0.662152,0.806839,-1.214,3.28341,0.348356,-1.57575,-2.12091,0.0721848,2.211,-10.9312,28.2677,-46.1346,-34.9654,-23.5582,52.5355
0.38,0.188017,-0.175612,0.261712,0.166209,0.163221,-0.279506,1.17667,-0.838188,1.1624,0.651684,0.806915,-1.2029,3.23074,0.482902,-1.79491,-2.28683,-0.0399208,2.46057,-11.2465,28.3797,-46.1368,-34.8894,-23.6409,52.542
0.38475,0.193643,-0.179588,0.267212,0.169278,0.167053,-0.285191,1.19189,-0.835574,1.15336,0.640428,0.806459,-1.19062,3.17658,0.617929,-2.01399,-2.45231,-0.152373,2.71008,-11.5549,28.47,-46.0996,-34.7829,-23.7043,52.5047
0.3895,0.19934,-0.183549,0.272667,0.172292,0.170881,-0.290815,1.20684,-0.832317,1.14327,0.628388,0.805467,-1.17716,3.12098,0.753333,-2.23279,-2.61722,-0.265081,2.9593,-11.8565,28.5388,-46.0229,-34.6459,-23.7483,52.4237
0.39425,0.205107,-0.187494,0.278072,0.175247,0.174704,-0.296372,1.22153,-0.828417,1.13215,0.615566,0.80394,-1.16251,3.06395,0.889013,-2.45114,-2.7814,-0.377951,3.20803,-12.1512,28.5859,-45.9067,-34.4784,-23.773,52.299
0.399,0.210944,-0.191418,0.283421,0.178139,0.178518,-0.301857,1.23595,-0.823872,1.11998,0.601966,0.801877,-1.14668,3.00555,1.02486,-2.66885,-2.94471,-0.490893,3.45607,-12.4392,28.6113,-45.7511,-34.2804,-23.7783,52.1304
0.40375,0.216848,-0.19532,0.28871,0.180964,0.182321,-0.307264,1.25008,-0.818681,1.10679,0.587593,0.799277,-1.12968,2.94579,1.16079,-2.88572,-3.10701,-0.603815,3.7032,-12.7203,28.6152,-45.5559,-34.052,-23.7644,51.9181
0.4085,0.222819,-0.199195,0.293934,0.183719,0.18611,-0.312587,1.26393,-0.812844,1.09257,0.572451,0.796141,-1.1115,2.88472,1.29667,-3.10156,-3.26816,-0.716624,3.94922,-12.9946,28.5974,-45.3213,-33.793,-23.7311,51.662
0.41325,0.228855,-0.203041,0.299088,0.186401,0.189884,-0.317821,1.27749,-0.806362,1.07733,0.556547,0.792469,-1.09216,2.82236,1.43243,-3.31621,-3.428,-0.82923,4.19392,-13.2621,28.5581,-45.0472,-33.5036,-23.6785,51.3622
0.418,0.234955,-0.206854,0.304167,0.189005,0.193638,-0.322961,1.29074,-0.799236,1.06107,0.539888,0.788263,-1.07166,2.75874,1.56794,-3.52945,-3.58639,-0.941539,4.43709,-13.5228,28.4971,-44.7336,-33.1837,-23.6066,51.0186
0.42275,0.241117,-0.210632,0.309166,0.191529,0.197371,-0.328,1.30369,-0.791468,1.0438,0.522479,0.783525,-1.05001,2.6939,1.70312,-3.74111,-3.7432,-1.05346,4.67853,-13.7766,28.4144,-44.3806,-32.8333,-23.5153,50.6312
0.4275,0.247339,-0.214372,0.314081,0.193968,0.201081,-0.332934,1.31633,-0.783058,1.02553,0.50433,0.778256,-1.02722,2.62787,1.83785,-3.951,-3.89826,-1.1649,4.91802,-14.0236,28.3102,-43.988,-32.4524,-23.4047,50.2001
0.43225,0.253621,-0.21807,0.318907,0.196319,0.204764,-0.337757,1.32866,-0.774009,1.00627,0.485449,0.772459,-1.00329,2.56069,1.97203,-4.15894,-4.05144,-1.27578,5.15536,-14.2638,28.1843,-43.556,-32.041,-23.2748,49.7252
0.437,0.259961,-0.221724,0.323639,0.198578,0.208418,-0.342464,1.34066,-0.764324,0.986026,0.465844,0.766137,-0.978247,2.49238,2.10556,-4.36472,-4.2026,-1.38598,5.39034,-14.4972,28.0369,-43.0845,-31.5991,-23.1255,49.2066
0.44175,0.266357,-0.22533,0.328273,0.200743,0.212041,-0.347049,1.35233,-0.754007,0.96481,0.445527,0.759294,-0.95209,2.42297,2.23834,-4.56818,-4.35159,-1.49544,5.62275,-14.7238,27.8678,-42.5735,-31.1268,-22.957,48.6441
0.4465,0.272808,-0.228886,0.332803,0.20281,0.215631,-0.351507,1.36367,-0.743061,0.942632,0.424508,0.751932,-0.924835,2.35251,2.37027,-4.76911,-4.49826,-1.60404,5.85239,-14.9435,27.677,-42.0231,-30.6239,-22.7691,48.038
0.45125,0.279311,-0.232389,0.337226,0.204775,0.219184,-0.355833,1.37468,-0.731491,0.919507,0.402798,0.744057,-0.896497,2.28102,2.50124,-4.96733,-4.64247,-1.71171,6.07904,-15.1564,27.4647,-41.4331,-30.0906,-22.5618,47.388
0.456,0.285867,-0.235834,0.341537,0.206635,0.222698,-0.360022,1.38534,-0.719301,0.895447,0.380409,0.735673,-0.867089,2.20854,2.63115,-5.16266,-4.78407,-1.81835,6.30251,-15.3625,27.2307,-40.8037,-29.5267,-22.3353,46.6943
0.46075,0.292472,-0.239221,0.345732,0.208388,0.226172,-0.364068,1.39566,-0.706497,0.870467,0.357353,0.726784,-0.836628,2.13509,2.7599,-5.35491,-4.92292,-1.92387,6.52257,-15.5618,26.9751,-40.1348,-28.9324,-22.0894,45.9568
0.4655,0.299125,-0.242545,0.349805,0.210029,0.229602,-0.367968,1.40562,-0.693084,0.844581,0.333645,0.717398,-0.805131,2.06071,2.88738,-5.54388,-5.05888,-2.02817,6.73903,-15.7543,26.6979,-39.4264,-28.3076,-21.8242,45.1756
0.47025,0.305825,-0.245804,0.353754,0.211556,0.232986,-0.371716,1.41523,-0.679069,0.817805,0.309299,0.707519,-0.772614,1.98543,3.0135,-5.72939,-5.1918,-2.13117,6.95167,-15.9399,26.3991,-38.6786,-27.6523,-21.5397,44.3506
0.475,0.312569,-0.248995,0.357573,0.212967,0.236323,-0.375306,1.42448,-0.664458,0.790157,0.284328,0.697154,-0.739096,1.90929,3.13814,-5.91126,-5.32153,-2.23277,7.16029,-16.1187,26.0786,-37.8912,-26.9665,-21.2358,43.4818
0.47975,0.319357,-0.252116,0.361259,0.214257,0.239609,-0.378735,1.43337,-0.649259,0.761655,0.25875,0.68631,-0.704598,1.83232,3.26121,-6.0893,-5.44793,-2.33288,7.36468,-16.2907,25.7365,-37.0644,-26.2502,-20.9126,42.5693
0.4845,0.326185,-0.255162,0.364807,0.215424,0.242842,-0.381998,1.44189,-0.63348,0.732315,0.232579,0.674994,-0.669139,1.75454,3.3826,-6.26331,-5.57086,-2.43141,7.56463,-16.4559,25.3729,-36.1981,-25.5035,-20.5701,41.613
0.48925,0.333054,-0.258133,0.368215,0.216465,0.24602,-0.385091,1.45004,-0.617127,0.70216,0.205832,0.663214,-0.632741,1.676,3.50222,-6.43312,-5.69016,-2.52826,7.75993,-16.6142,24.9875,-35.2923,-24.7262,-20.2083,40.6129
0.494,0.33996,-0.261024,0.371477,0.217378,0.249142,-0.388008,1.45781,-0.600211,0.671208,0.178528,0.650978,-0.595427,1.59672,3.61995,-6.59853,-5.80571,-2.62335,7.95038,-16.7658,24.5806,-34.347,-23.9185,-19.8271,39.5691
0.49875,0.346902,-0.263834,0.37459,0.21816,0.252204,-0.390746,1.4652,-0.582741,0.639481,0.150684,0.638295,-0.55722,1.51673,3.7357,-6.75935,-5.91734,-2.71659,8.13577,-16.9105,24.152,-33.3623,-23.0802,-19.4266,38.4815
0.5035,0.353879,-0.266559,0.377551,0.218809,0.255205,-0.3933,1.47222,-0.564726,0.607001,0.12232,0.625174,-0.518146,1.43608,3.84936,-6.91541,-6.02492,-2.80788,8.31589,-17.0484,23.7019,-32.338,-22.2115,-19.0068,37.3502
0.50825,0.360888,-0.269198,0.380355,0.219322,0.258142,-0.395667,1.47885,-0.546176,0.573792,0.0934541,0.611624,-0.478228,1.35478,3.96083,-7.0665,-6.1283,-2.89712,8.49053,-17.1794,23.2301,-31.2743,-21.3123,-18.5676,36.175
0.513,0.367927,-0.271747,0.383,0.219696,0.261015,-0.397842,1.48509,-0.527101,0.539878,0.0641077,0.597655,-0.437495,1.27288,4.07001,-7.21245,-6.22734,-2.98424,8.65948,-17.3037,22.7366,-30.1712,-20.3826,-18.1092,34.9562
0.51775,0.374996,-0.274205,0.385483,0.21993,0.263819,-0.399822,1.49094,-0.507514,0.505283,0.0343015,0.583277,-0.395972,1.19041,4.17679,-7.35306,-6.32189,-3.06913,8.82254,-17.4211,22.2216,-29.0285,-19.4224,-17.6314,33.6935
0.5225,0.382091,-0.276568,0.3878,0.220021,0.266555,-0.401603,1.4964,-0.487426,0.470033,0.00405708,0.568501,-0.35369,1.10739,4.28108,-7.48816,-6.4118,-3.1517,8.9795,-17.5317,21.6849,-27.8463,-18.4317,-17.1342,32.3871
0.52725,0.389211,-0.278834,0.389947,0.219968,0.26922,-0.403181,1.50146,-0.466848,0.434154,-0.0266031,0.55334,-0.310677,1.02387,4.38277,-7.61754,-6.49694,-3.23187,9.13015,-17.6355,21.1266,-26.6247,-17.4106,-16.6178,31.0369
0.532,0.396354,-0.281002,0.391923,0.219768,0.271811,-0.404553,1.50612,-0.445794,0.397675,-0.0576561,0.537803,-0.266964,0.939868,4.48175,-7.74103,-6.57716,-3.30954,9.27428,-17.7324,20.5467,-25.3636,-16.3589,-16.082,29.643
0.53675,0.403518,-0.283069,0.393724,0.219419,0.274328,-0.405716,1.51039,-0.424276,0.360624,-0.0890781,0.521903,-0.222582,0.855422,4.57793,-7.85843,-6.6523,-3.38462,9.41169,-17.8226,19.9452,-24.063,-15.2768,-15.5269,28.2053
0.5415,0.410702,-0.285032,0.395348,0.218921,0.276769,-0.406667,1.51425,-0.402308,0.32303,-0.120845,0.505653,-0.177564,0.770564,4.67119,-7.96957,-6.72224,-3.45702,9.54216,-17.9059,19.3221,-22.7229,-14.1641,-14.9524,26.7239
0.54625,0.417903,-0.28689,0.396792,0.218271,0.279131,-0.407402,1.51771,-0.379904,0.284923,-0.152931,0.489066,-0.131943,0.685327,4.76145,-8.07424,-6.78681,-3.52664,9.6655,-17.9824,18.6773,-21.3434,-13.021,-14.3587,25.1986
0.551,0.42512,-0.288641,0.398054,0.217468,0.281414,-0.407919,1.52076,-0.357079,0.246335,-0.185311,0.472154,-0.0857534,0.599742,4.84859,-8.17227,-6.84589,-3.59339,9.78148,-18.0521,18.0109,-19.9244,-11.8474,-13.7456,23.6296
0.55575,0.43235,-0.290282,0.399132,0.21651,0.283616,-0.408216,1.5234,-0.333848,0.207298,-0.217958,0.454933,-0.0390308,0.513843,4.93252,-8.26346,-6.89932,-3.65719,9.88991,-18.1149,17.3229,-18.4658,-10.6433,-13.1132,22.0169
0.5605,0.439591,-0.291811,0.400023,0.215397,0.285736,-0.408289,1.52564,-0.310226,0.167844,-0.250845,0.437416,0.00818847,0.427661,5.01313,-8.34763,-6.94695,-3.71794,9.99057,-18.171,16.6132,-16.9678,-9.40871,-12.4614,20.3604
0.56525,0.446842,-0.293228,0.400726,0.214127,0.287771,-0.408137,1.52746,-0.286228,0.128007,-0.283945,0.419618,0.055867,0.341229,5.09031,-8.42459,-6.98865,-3.77554,10.0833,-18.2202,15.882,-15.4304,-8.14363,-11.7904,18.6601
0.57,0.454101,-0.29453,0.401238,0.212699,0.289722,-0.407758,1.52888,-0.261873,0.0878216,-0.317228,0.401553,0.103967,0.25458,5.16397,-8.49415,-7.02427,-3.82992,10.1678,-18.2626,15.1291,-13.8534,-6.84807,-11.1,16.916
0.57475,0.461366,-0.295715,0.401559,0.211113,0.291586,-0.407149,1.52988,-0.237176,0.0473241,-0.350665,0.383239,0.152448,0.167745,5.23401,-8.55614,-7.05366,-3.88096,10.2439,-18.2982,14.3546,-12.237,-5.52201,-10.3902,15.1282
0.5795,0.468635,-0.296783,0.401688,0.209367,0.293362,-0.406309,1.53047,-0.212156,0.00655064,-0.384227,0.36469,0.20127,0.0807577,5.30031,-8.61034,-7.07668,-3.92859,10.3114,-18.3269,13.5585,-10.5811,-4.16547,-9.66119,13.2966
0.58425,0.475905,-0.29773,0.401621,0.207462,0.29505,-0.405236,1.53065,-0.18683,-0.0344615,-0.417883,0.345923,0.250392,-0.00635003,5.36278,-8.65659,-7.09318,-3.97271,10.3701,-18.3489,12.7408,-8.88568,-2.77843,-8.91281,11.4213
0.589,0.483175,-0.298557,0.40136,0.205397,0.296648,-0.40393,1.53041,-0.161216,-0.0756741,-0.451602,0.326955,0.299772,-0.0935457,5.42131,-8.6947,-7.10303,-4.01323,10.4199,-18.364,11.9014,-7.1508,-1.36091,-8.1451,9.5022
0.59375,0.490443,-0.299262,0.400902,0.203172,0.298156,-0.402388,1.52976,-0.135334,-0.117048,-0.485351,0.307803,0.349366,-0.180797,5.47581,-8.72446,-7.10606,-4.05006,10.4603,-18.3723,11.0404,-5.37645,0.0871026,-7.35807,7.53933
0.5985,0.497707,-0.299842,0.400248,0.200787,0.299572,-0.400611,1.52869,-0.109202,-0.158543,-0.519099,0.288485,0.39913,-0.268072,5.52616,-8.74571,-7.10215,-4.08311,10.4914,-18.3737,10.1578,-3.56261,1.5656,-6.55171,5.5327
0.60325,0.504965,-0.300299,0.399396,0.198241,0.300896,-0.398596,1.52721,-0.0828418,-0.200118,-0.552811,0.269019,0.449019,-0.355337,5.57228,-8.75826,-7.09116,-4.11228,10.5129,-18.3689,9.2616,-1.72604,3.06108,-5.73358,3.50062
0.608,0.512215,-0.300629,0.398346,0.195535,0.302127,-0.396345,1.52532,-0.0562723,-0.241733,-0.586453,0.249424,0.498987,-0.442569,5.61416,-8.76216,-7.07311,-4.13759,10.5247,-18.3593,8.3763,0.0820057,4.5322,-4.92676,1.49912
0.61275,0.519455,-0.300833,0.397099,0.19267,0.303265,-0.393856,1.52301,-0.0295138,-0.283345,-0.619994,0.229718,0.548989,-0.529744,5.65187,-8.75754,-7.04814,-4.15911,10.5272,-18.3452,7.50362,1.85797,5.97608,-4.13287,-0.467894
0.6175,0.526683,-0.300909,0.395655,0.189645,0.30431,-0.391129,1.52029,-0.002586,-0.324916,-0.6534,0.209919,0.598981,-0.61684,5.68547,-8.74456,-7.01638,-4.17688,10.5203,-18.3263,6.64355,3.60186,7.39272,-3.35191,-2.40043
0.62225,0.533897,-0.300857,0.394013,0.186463,0.305259,-0.388166,1.51715,0.0244917,-0.366406,-0.686639,0.190044,0.648918,-0.703837,5.71501,-8.72337,-6.97796,-4.19097,10.5044,-18.3029,5.79611,5.31365,8.78212,-2.58388,-4.29849
0.627,0.541095,-0.300676,0.392174,0.183123,0.306115,-0.384965,1.5136,0.0517003,-0.407775,-0.71968,0.17011,0.698758,-0.790711,5.74055,-8.69413,-6.933,-4.20144,10.4795,-18.2749,4.96128,6.99337,10.1443,-1.82877,-6.16206
0.63175,0.548276,-0.300366,0.390139,0.179626,0.306875,-0.381528,1.50964,0.0790207,-0.448987,-0.752493,0.150136,0.74846,-0.877441,5.76216,-8.65698,-6.88163,-4.20836,10.4459,-18.2422,4.13907,8.641,11.4792,-1.08659,-7.99115
0.6365,0.555436,-0.299925,0.387909,0.175974,0.307541,-0.377855,1.50527,0.106435,-0.490004,-0.785046,0.130137,0.797981,-0.964004,5.77989,-8.61209,-6.82399,-4.21179,10.4037,-18.2049,3.32948,10.2566,12.7869,-0.357334,-9.78576
0.64125,0.562575,-0.299355,0.385485,0.172169,0.308112,-0.373947,1.50048,0.133924,-0.53079,-0.817311,0.110129,0.847281,-1.05038,5.79381,-8.5596,-6.7602,-4.21178,10.353,-18.163,2.5325,11.84,14.0673,0.358993,-11.5459
0.646,0.56969,-0.298653,0.382867,0.16821,0.308587,-0.369806,1.49529,0.16147,-0.571309,-0.849258,0.09013,0.896321,-1.13655,5.80397,-8.49966,-6.69039,-4.2084,10.2941,-18.1164,1.74815,13.3914,15.3205,1.06239,-13.2715
0.65075,0.57678,-0.297821,0.380058,0.164101,0.308968,-0.365432,1.48968,0.189056,-0.611525,-0.88086,0.0701547,0.945062,-1.22248,5.81044,-8.43243,-6.61469,-4.20171,10.227,-18.0653,0.976409,14.9107,16.5465,1.75286,-14.9627
0.6555,0.583842,-0.296857,0.377058,0.159843,0.309254,-0.360828,1.48367,0.216663,-0.651406,-0.912089,0.0502189,0.993465,-1.30816,5.81327,-8.35806,-6.53324,-4.19177,10.152,-18.0095,0.217288,16.3979,17.7452,2.43041,-16.6194
0.66025,0.590874,-0.295762,0.37387,0.155437,0.309445,-0.355995,1.47726,0.244276,-0.690916,-0.942917,0.030338,1.04149,-1.39356,5.81252,-8.2767,-6.44616,-4.17864,10.0692,-17.9491,-0.529215,17.853,18.9167,3.09503,-18.2416
0.665,0.597875,-0.294536,0.370495,0.150886,0.309542,-0.350935,1.47044,0.271877,-0.730023,-0.973318,0.0105268,1.08911,-1.47867,5.80826,-8.1885,-6.35357,-4.16238,9.97872,-17.8841,-1.2631,19.2761,20.061,3.74672,-19.8293
0.66975,0.604842,-0.29318,0.366935,0.146191,0.309545,-0.345649,1.46321,0.299449,-0.768696,-1.00327,-0.00919983,1.13628,-1.56345,5.80054,-8.09363,-6.25562,-4.14306,9.88083,-17.8144,-1.98437,20.6671,21.178,4.38548,-21.3826
0.6745,0.611775,-0.291692,0.363193,0.141355,0.309455,-0.340141,1.45558,0.326976,-0.806903,-1.03274,-0.0288275,1.18297,-1.6479,5.78943,-7.99222,-6.15243,-4.12074,9.77564,-17.7402,-2.69302,22.0259,22.2678,5.01132,-22.9013
0.67925,0.61867,-0.290073,0.35927,0.136381,0.309272,-0.334412,1.44756,0.354443,-0.844612,-1.06171,-0.0483422,1.22914,-1.73198,5.77498,-7.88443,-6.04412,-4.09548,9.66332,-17.6613,-3.38905,23.3527,23.3303,5.62423,-24.3856
0.684,0.625526,-0.288325,0.35517,0.13127,0.308996,-0.328465,1.43913,0.381834,-0.881795,-1.09015,-0.06773,1.27476,-1.81567,5.75725,-7.77042,-5.93083,-4.06733,9.54403,-17.5778,-4.07246,24.6474,24.3656,6.22421,-25.8354
0.68875,0.632341,-0.286446,0.350894,0.126025,0.308628,-0.322303,1.43031,0.409132,-0.918421,-1.11804,-0.0869774,1.31979,-1.89896,5.73631,-7.65033,-5.81269,-4.03637,9.41794,-17.4896,-4.74326,25.9101,25.3737,6.81127,-27.2507
0.6935,0.639113,-0.284438,0.346446,0.12065,0.30817,-0.315928,1.42109,0.436323,-0.954464,-1.14536,-0.106071,1.36422,-1.98182,5.71221,-7.52432,-5.68982,-4.00264,9.28521,-17.3969,-5.40144,27.1406,26.3545,7.38539,-28.6315
0.69825,0.645841,-0.282301,0.341828,0.115145,0.307621,-0.309344,1.41148,0.463393,-0.989893,-1.17209,-0.124998,1.40799,-2.06422,5.68502,-7.39255,-5.56237,-3.96623,9.146,-17.2995,-6.047,28.3391,27.3081,7.94659,-29.9779
0.703,0.652522,-0.280036,0.337043,0.109516,0.306983,-0.302553,1.40148,0.490326,-1.02468,-1.1982,-0.143746,1.45109,-2.14615,5.65478,-7.25515,-5.43044,-3.92717,9.00047,-17.1975,-6.67994,29.5055,28.2344,8.49487,-31.2897
0.70775,0.659154,-0.277643,0.332094,0.103763,0.306256,-0.295559,1.39109,0.517109,-1.05881,-1.22367,-0.162302,1.49349,-2.22759,5.62158,-7.11229,-5.29418,-3.88555,8.8488,-17.0909,-7.30026,30.6398,29.1336,9.03021,-32.5671
0.7125,0.665736,-0.275124,0.326985,0.0978919,0.305441,-0.288366,1.38032,0.543727,-1.09224,-1.24849,-0.180655,1.53515,-2.30851,5.58545,-6.96413,-5.15372,-3.84141,8.69114,-16.9797,-7.90797,31.742,30.0054,9.55263,-33.81
0.71725,0.672267,-0.272478,0.321719,0.0919039,0.30454,-0.280977,1.36916,0.570166,-1.12496,-1.27262,-0.198792,1.57604,-2.38889,5.54647,-6.8108,-5.00917,-3.79482,8.52766,-16.8638,-8.50306,32.8121,30.8501,10.0621,-35.0185
0.722,0.678743,-0.269708,0.316299,0.085803,0.303553,-0.273395,1.35763,0.596414,-1.15694,-1.29607,-0.216702,1.61615,-2.46871,5.50469,-6.65246,-4.86068,-3.74584,8.35852,-16.7433,-9.08553,33.8501,31.6674,10.5587,-36.1924
0.72675,0.685163,-0.266813,0.31073,0.0795924,0.302482,-0.265625,1.34571,0.622456,-1.18815,-1.3188,-0.234374,1.65544,-2.54795,5.46018,-6.48927,-4.70838,-3.69453,8.18388,-16.6182,-9.65538,34.8561,32.4576,11.0423,-37.3319
0.7315,0.691526,-0.263795,0.305013,0.0732756,0.301327,-0.25767,1.33342,0.648281,-1.21858,-1.34079,-0.251796,1.69389,-2.62658,5.41299,-6.32138,-4.55238,-3.64095,8.00392,-16.4885,-10.2126,35.83,33.2205,11.513,-38.4368
0.73625,0.69783,-0.260654,0.299154,0.0668561,0.30009,-0.249534,1.32076,0.673876,-1.2482,-1.36204,-0.268959,1.73147,-2.70458,5.36318,-6.14894,-4.39282,-3.58518,7.81879,-16.3542,-10.7572,36.7718,33.9562,11.9708,-39.5073
0.741,0.704073,-0.257393,0.293157,0.0603375,0.298772,-0.241222,1.30773,0.699227,-1.27699,-1.38252,-0.285852,1.76816,-2.78193,5.31081,-5.9721,-4.22984,-3.52725,7.62865,-16.2152,-11.2892,37.6815,34.6646,12.4157,-40.5434
0.74575,0.710253,-0.254012,0.287024,0.0537234,0.297375,-0.232738,1.29433,0.724324,-1.30492,-1.40222,-0.302465,1.80394,-2.85862,5.25595,-5.79101,-4.06355,-3.46725,7.43368,-16.0716,-11.8086,38.5591,35.3458,12.8476,-41.5449
0.7505,0.716369,-0.250512,0.280761,0.0470177,0.295899,-0.224086,1.28057,0.749155,-1.33199,-1.42112,-0.318788,1.83877,-2.93461,5.19865,-5.60584,-3.8941,-3.40522,7.23403,-15.9234,-12.3154,39.4047,35.9998,13.2666,-42.5119
0.75525,0.722418,-0.246896,0.274372,0.0402241,0.294347,-0.215271,1.26645,0.773708,-1.35817,-1.4392,-0.334811,1.87265,-3.00988,5.13897,-5.41672,-3.7216,-3.34123,7.02987,-15.7706,-12.8095,40.2181,36.6265,13.6727,-43.4445
0.76,0.728399,-0.243163,0.26786,0.0333466,0.292719,-0.206297,1.25198,0.797972,-1.38345,-1.45647,-0.350526,1.90555,-3.08442,5.07698,-5.22382,-3.54619,-3.27535,6.82136,-15.6131,-13.2911,40.9995,37.226,14.0658,-44.3426
0.76475,0.734311,-0.239315,0.261231,0.026389,0.291017,-0.19717,1.23715,0.821936,-1.40779,-1.47289,-0.365924,1.93745,-3.1582,5.01273,-5.02728,-3.36799,-3.20763,6.60867,-15.4511,-13.76,41.7488,37.7982,14.4461,-45.2062
0.7695,0.740152,-0.235355,0.254488,0.0193555,0.289243,-0.187893,1.22198,0.845589,-1.4312,-1.48846,-0.380996,1.96833,-3.2312,4.94628,-4.82725,-3.18715,-3.13813,6.39196,-15.2844,-14.2163,42.466,38.3432,14.8134,-46.0353
0.77425,0.74592,-0.231283,0.247636,0.01225,0.287398,-0.178472,1.20646,0.868922,-1.45365,-1.50316,-0.395734,1.99817,-3.30339,4.8777,-4.6239,-3.00378,-3.06692,6.17139,-15.1131,-14.6599,43.1511,38.861,15.1677,-46.83
0.779,0.751613,-0.227101,0.240679,0.00507682,0.285484,-0.168912,1.1906,0.891924,-1.47512,-1.51699,-0.410129,2.02695,-3.37476,4.80703,-4.41737,-2.81801,-2.99406,5.94713,-14.9371,-15.091,43.8042,39.3515,15.5092,-47.5902
0.78375,0.75723,-0.22281,0.233624,-0.00215997,0.283503,-0.159218,1.1744,0.914585,-1.49561,-1.52993,-0.424175,2.05466,-3.44529,4.73435,-4.20781,-2.62998,-2.91961,5.71934,-14.7566,-15.5094,44.4251,39.8148,15.8377,-48.3158
0.7885,0.762769,-0.218413,0.226473,-0.0094561,0.281455,-0.149395,1.15787,0.936897,-1.51509,-1.54197,-0.437863,2.08128,-3.51494,4.65971,-3.99538,-2.43981,-2.84362,5.48818,-14.5714,-15.9152,45.014,40.2509,16.1533,-49.007
0.79325,0.768229,-0.21391,0.219232,-0.0168073,0.279344,-0.139448,1.14101,0.95885,-1.53356,-1.55311,-0.451187,2.10679,-3.58371,4.58318,-3.78023,-2.24764,-2.76617,5.25383,-14.3816,-16.3084,45.5708,40.6597,16.4559,-49.6638
0.798,0.773608,-0.209304,0.211906,-0.0242091,0.277169,-0.129382,1.12383,0.980434,-1.551,-1.56332,-0.464139,2.13118,-3.65156,4.5048,-3.56251,-2.05359,-2.68731,5.01643,-14.1872,-16.689,46.0955,41.0413,16.7456,-50.286
0.80275,0.778905,-0.204596,0.204499,-0.0316574,0.274935,-0.119203,1.10632,1.00164,-1.5674,-1.57261,-0.476714,2.15444,-3.71848,4.42465,-3.34237,-1.85779,-2.60711,4.77616,-13.9881,-17.057,46.5881,41.3956,17.0224,-50.8738
0.8075,0.784118,-0.199789,0.197017,-0.0391475,0.272641,-0.108917,1.0885,1.02247,-1.58275,-1.58097,-0.488905,2.17655,-3.78444,4.34278,-3.11997,-1.66037,-2.52562,4.53319,-13.7844,-17.4124,47.0487,41.7227,17.2863,-51.427
0.81225,0.789245,-0.194884,0.189465,-0.0466751,0.270291,-0.0985279,1.07037,1.0429,-1.59704,-1.58838,-0.500706,2.1975,-3.84942,4.25925,-2.89546,-1.46147,-2.44291,4.28766,-13.5762,-17.7551,47.4771,42.0226,17.5373,-51.9458
0.817,0.794286,-0.189882,0.181847,-0.0542356,0.267885,-0.0880423,1.05193,1.06293,-1.61025,-1.59485,-0.512111,2.21728,-3.91341,4.17413,-2.66899,-1.2612,-2.35904,4.03976,-13.3633,-18.0852,47.8735,42.2952,17.7753,-52.4301
0.82175,0.799238,-0.184786,0.174169,-0.0618246,0.265426,-0.0774656,1.03319,1.08255,-1.62239,-1.60036,-0.523115,2.23588,-3.97637,4.08746,-2.44071,-1.05971,-2.27406,3.78963,-13.1457,-18.4027,48.2378,42.5406,18.0004,-52.88
0.8265,0.804101,-0.179599,0.166436,-0.0694375,0.262916,-0.0668034,1.01416,1.10175,-1.63344,-1.60492,-0.533713,2.25328,-4.03828,3.99932,-2.21078,-0.85711,-2.18805,3.53745,-12.9236,-18.7076,48.57,42.7587,18.2126,-53.2953
0.83125,0.808872,-0.17432,0.158653,-0.0770698,0.260357,-0.0560614,0.994833,1.12054,-1.64339,-1.6085,-0.5439,2.26948,-4.09914,3.90976,-1.97935,-0.653542,-2.10106,3.28338,-12.6968,-18.9998,48.8701,42.9496,18.4118,-53.6762
0.836,0.813551,-0.168954,0.150825,-0.0847168,0.25775,-0.0452453,0.97522,1.1389,-1.65224,-1.61112,-0.553671,2.28447,-4.1589,3.81884,-1.74657,-0.449132,-2.01316,3.02758,-12.4654,-19.2795,49.1382,43.1133,18.5981,-54.0226
0.84075,0.818136,-0.163502,0.142958,-0.0923739,0.255098,-0.0343608,0.955325,1.15682,-1.65998,-1.61277,-0.563023,2.29824,-4.21755,3.72663,-1.51259,-0.244009,-1.9244,2.77022,-12.2294,-19.5465,49.3741,43.2497,18.7715,-54.3345
0.8455,0.822626,-0.157965,0.135057,-0.100037,0.252402,-0.0234139,0.935155,1.1743,-1.66661,-1.61344,-0.571952,2.31078,-4.27507,3.63317,-1.27756,-0.0383024,-1.83485,2.51146,-11.9888,-19.8009,49.578,43.3589,18.932,-54.6119
0.85025,0.82702,-0.152347,0.127127,-0.1077,0.249665,-0.0124103,0.914714,1.19133,-1.67211,-1.61313,-0.580453,2.3221,-4.33143,3.53854,-1.04165,0.167858,-1.74457,2.25146,-11.7435,-20.0427,49.7498,43.4409,19.0795,-54.8548
0.855,0.831315,-0.146648,0.119174,-0.11536,0.246888,-0.00135596,0.894008,1.20791,-1.6765,-1.61184,-0.588524,2.33217,-4.38662,3.44279,-0.80499,0.374343,-1.65362,1.99039,-11.4936,-20.2719,49.8895,43.4956,19.2141,-55.0633
0.85975,0.835512,-0.140872,0.111202,-0.123011,0.244074,0.00974332,0.873043,1.22403,-1.67976,-1.60958,-0.596162,2.341,-4.44062,3.34598,-0.567746,0.581023,-1.56206,1.72841,-11.2391,-20.4884,49.9971,43.5231,19.3358,-55.2373
0.8645,0.839609,-0.135021,0.103218,-0.130649,0.241225,0.0208816,0.851824,1.2397,-1.68189,-1.60632,-0.603363,2.34859,-4.49339,3.24817,-0.330068,0.787769,-1.46995,1.46569,-10.98,-20.6924,50.0727,43.5233,19.4445,-55.3768
0.86925,0.843604,-0.129096,0.0952263,-0.13827,0.238343,0.032053,0.830357,1.25489,-1.6829,-1.60209,-0.610125,2.35493,-4.54492,3.14942,-0.0921066,0.994451,-1.37735,1.20239,-10.7163,-20.8837,50.1161,43.4963,19.5404,-55.4818
0.874,0.847497,-0.1231,0.0872324,-0.145867,0.23543,0.0432514,0.808649,1.26961,-1.68277,-1.59688,-0.616447,2.36001,-4.59519,3.04979,0.145985,1.20094,-1.28434,0.93867,-10.4479,-21.0624,50.1275,43.442,19.6233,-55.5523
0.87875,0.851286,-0.117035,0.0792417,-0.153438,0.232488,0.0544711,0.786705,1.28386,-1.68151,-1.59068,-0.622326,2.36384,-4.64417,2.94935,0.384054,1.40711,-1.19095,0.674697,-10.1749,-21.2285,50.1068,43.3606,19.6932,-55.5884
0.8835,0.85497,-0.110904,0.0712598,-0.160977,0.229518,0.065706,0.764532,1.29763,-1.67912,-1.58351,-0.627761,2.36642,-4.69184,2.84814,0.621948,1.61282,-1.09727,0.410635,-9.89729,-21.3819,50.054,43.2519,19.7503,-55.5899
0.88825,0.858549,-0.104708,0.0632919,-0.16848,0.226525,0.0769501,0.742135,1.31092,-1.6756,-1.57536,-0.63275,2.36775,-4.73818,2.74624,0.859516,1.81796,-1.00335,0.146648,-9.61506,-21.5228,49.9691,43.1159,19.7944,-55.557
0.893,0.86202,-0.098451,0.0553434,-0.175942,0.223508,0.0881976,0.719521,1.32372,-1.67096,-1.56624,-0.637292,2.36782,-4.78318,2.64369,1.0966,2.02238,-0.909244,-0.117102,-9.32821,-21.651,49.8522,42.9527,19.8256,-55.4896
0.89775,0.865384,-0.0921339,0.0474196,-0.183358,0.220471,0.0994424,0.696697,1.33603,-1.66518,-1.55615,-0.641387,2.36663,-4.82679,2.54057,1.33306,2.22596,-0.815024,-0.380449,-9.03674,-21.7666,49.7031,42.7623,19.8438,-55.3878
0.9025,0.868639,-0.0857595,0.0395259,-0.190724,0.217416,0.110679,0.673669,1.34785,-1.65829,-1.5451,-0.645035,2.3642,-4.86902,2.43693,1.56873,2.42858,-0.720748,-0.643231,-8.74065,-21.8696,49.522,42.5446,19.8492,-55.2514
0.90725,0.871783,-0.07933,0.0316676,-0.198035,0.214344,0.1219,0.650443,1.35918,-1.65028,-1.53308,-0.648235,2.36052,-4.90982,2.33283,1.80347,2.63009,-0.626477,-0.905283,-8.43993,-21.96,49.3088,42.2997,19.8416,-55.0806
0.912,0.874817,-0.072848,0.02385,-0.205286,0.211258,0.133102,0.627028,1.37002,-1.64116,-1.52011,-0.650987,2.3556,-4.94919,2.22833,2.03712,2.83038,-0.532274,-1.16644,-8.1346,-22.0377,49.0635,42.0275,19.8211,-54.8752
0.91675,0.87774,-0.0663157,0.0160783,-0.212474,0.20816,0.144277,0.603428,1.38035,-1.63093,-1.5062,-0.653291,2.34944,-4.9871,2.12349,2.26952,3.02931,-0.438198,-1.42654,-7.82464,-22.1029,48.7861,41.7281,19.7876,-54.6354
0.9215,0.88055,-0.0597355,0.00835785,-0.219594,0.205052,0.155419,0.579653,1.39019,-1.6196,-1.49134,-0.65515,2.34205,-5.02352,2.01837,2.50053,3.22676,-0.344312,-1.68542,-7.51006,-22.1554,48.4766,41.4015,19.7412,-54.3612
0.92625,0.883246,-0.0531097,0.000693808,-0.226641,0.201937,0.166524,0.555707,1.39953,-1.60718,-1.47554,-0.656563,2.33343,-5.05843,1.91304,2.73,3.42258,-0.250677,-1.94292,-7.19086,-22.1953,48.1351,41.0477,19.6819,-54.0524
0.931,0.885829,-0.0464408,-0.00690864,-0.23361,0.198816,0.177585,0.5316,1.40836,-1.59367,-1.45882,-0.657532,2.3236,-5.09182,1.80754,2.95777,3.61667,-0.157354,-2.19887,-6.86704,-22.2226,47.7615,40.6666,19.6097,-53.7091
0.93575,0.888296,-0.039731,-0.0144444,-0.240498,0.195691,0.188596,0.507338,1.4167,-1.57908,-1.44119,-0.658058,2.31255,-5.12366,1.70194,3.18368,3.80887,-0.0644049,-2.4531,-6.5386,-22.2372,47.3557,40.2582,19.5245,-53.3314
0.9405,0.890648,-0.0329829,-0.0219082,-0.2473,0.192565,0.199552,0.482928,1.42453,-1.56343,-1.42264,-0.658144,2.3003,-5.15393,1.59631,3.40759,3.99908,0.0281088,-2.70546,-6.20553,-22.2393,46.9179,39.8226,19.4265,-52.9192
0.94525,0.892884,-0.0261988,-0.0292953,-0.254012,0.189439,0.210447,0.458378,1.43186,-1.54672,-1.4032,-0.657792,2.28685,-5.18261,1.49069,3.62935,4.18715,0.120126,-2.95578,-5.86785,-22.2287,46.4481,39.3598,19.3155,-52.4725
0.95,0.895003,-0.019381,-0.0366004,-0.260629,0.186317,0.221276,0.433695,1.43869,-1.52895,-1.38287,-0.657004,2.27222,-5.20967,1.38515,3.8488,4.37295,0.211585,-3.20389,-5.52554,-22.2055,45.9461,38.8698,19.1915,-51.9913
0.95475,0.897004,-0.012532,-0.0438187,-0.267148,0.183199,0.232032,0.408888,1.44502,-1.51016,-1.36166,-0.655783,2.25642,-5.23509,1.27976,4.06579,4.55636,0.302425,-3.44964,-5.17861,-22.1697,45.4121,38.3525,19.0547,-51.4757
0.9595,0.898887,-0.00565412,-0.0509452,-0.273563,0.180087,0.24271,0.383965,1.45085,-1.49033,-1.33959,-0.654132,2.23945,-5.25886,1.17456,4.28016,4.73726,0.392584,-3.69286,-4.82706,-22.1213,44.8459,37.8079,18.9049,-50.9256
0.96425,0.900651,0.00125027,-0.0579752,-0.279872,0.176985,0.253305,0.358932,1.45618,-1.4695,-1.31666,-0.652054,2.22134,-5.28094,1.06962,4.49177,4.9155,0.482001,-3.93338,-4.47089,-22.0603,44.2477,37.2362,18.7421,-50.3409
0.969,0.902297,0.0081788,-0.0649039,-0.28607,0.173894,0.263811,0.333798,1.46101,-1.44767,-1.29289,-0.649554,2.20209,-5.30132,0.965007,4.70047,5.09096,0.570614,-4.17104,-4.11009,-21.9866,43.6174,36.6371,18.5665,-49.7218
0.97375,0.903822,0.0151291,-0.0717265,-0.292153,0.170815,0.274223,0.308572,1.46535,-1.42485,-1.2683,-0.646635,2.18172,-5.31998,0.860771,4.90609,5.26351,0.658362,-4.40568,-3.74468,-21.9003,42.955,36.0109,18.3779,-49.0683
0.9785,0.905228,0.0220988,-0.0784384,-0.298118,0.167751,0.284535,0.283261,1.46919,-1.40106,-1.2429,-0.643301,2.16024,-5.33689,0.756974,5.10849,5.43302,0.745184,-4.63714,-3.37464,-21.8014,42.2606,35.3574,18.1764,-48.3802
0.98325,0.906513,0.0290856,-0.0850351,-0.30396,0.164704,0.294743,0.257874,1.47254,-1.37632,-1.21669,-0.639557,2.13767,-5.35203,0.653677,5.30751,5.59936,0.831017,-4.86524,-2.99999,-21.6899,41.534,34.6767,17.962,-47.6577
0.988,0.907678,0.0360872,-0.091512,-0.309675,0.161676,0.304841,0.23242,1.4754,-1.35065,-1.18971,-0.635408,2.11403,-5.36538,0.55094,5.50301,5.7624,0.915802,-5.08983,-2.62071,-21.5658,40.7754,33.9687,17.7346,-46.9006
0.99275,0.908721,0.0431012,-0.0978648,-0.315261,0.158668,0.314825,0.206906,1.47778,-1.32405,-1.16196,-0.630859,2.08932,-5.37692,0.448822,5.69483,5.92202,0.999476,-5.31074,-2.23681,-21.4291,39.9847,33.2335,17.4944,-46.1091
0.9975,0.909643,0.0501253,-0.104089,-0.320713,0.155683,0.324688,0.181342,1.47967,-1.29655,-1.13345,-0.625915,2.06358,-5.38663,0.347384,5.88281,6.07808,1.08198,-5.52781,-1.84829,-21.2797,39.1619,32.4711,17.2412,-45.2831
1.00225,0.910444,0.0571572,-0.110181,-0.326027,0.152723,0.334427,0.155736,1.48108,-1.26817,-1.10422,-0.620582,2.03682,-5.39447,0.246685,6.06682,6.23045,1.16325,-5.74088,-1.45514,-21.1177,38.307,31.6814,16.975,-44.4227
1.007,0.911123,0.0641947,-0.116135,-0.331202,0.149789,0.344036,0.130097,1.48201,-1.23892,-1.07427,-0.614866,2.00905,-5.40044,0.146785,6.24668,6.37901,1.24322,-5.94977,-1.05738,-20.9431,37.42,30.8645,16.696,-43.5277
1.01175,0.91168,0.0712356,-0.121949,-0.336232,0.146882,0.353512,0.104435,1.48247,-1.20883,-1.04363,-0.608774,1.9803,-5.40451,0.0477452,6.42225,6.52362,1.32184,-6.15434,-0.654993,-20.7559,36.501,30.0203,16.404,-42.5983
1.0165,0.912115,0.0782775,-0.127618,-0.341115,0.144006,0.362848,0.0787576,1.48247,-1.17792,-1.0123,-0.602311,1.95059,-5.40666,-0.0503757,6.59339,6.66416,1.39904,-6.3544,-0.247985,-20.5561,35.5498,29.1489,16.099,-41.6344
1.02125,0.912428,0.0853183,-0.133138,-0.345848,0.141161,0.372041,0.0530747,1.482,-1.1462,-0.980323,-0.595485,1.91994,-5.40686,-0.147517,6.75993,6.80049,1.47476,-6.54981,0.163643,-20.3436,34.5666,28.2503,15.7812,-40.636
1.026,0.912619,0.0923557,-0.138506,-0.350427,0.138349,0.381086,0.0273955,1.48107,-1.11371,-0.947705,-0.588303,1.88837,-5.4051,-0.24362,6.92172,6.93249,1.54894,-6.74039,0.579893,-20.1185,33.5513,27.3244,15.4504,-39.6031
1.03075,0.912688,0.0993877,-0.143717,-0.35485,0.135573,0.389979,0.00172944,1.47968,-1.08046,-0.914471,-0.580773,1.85591,-5.40134,-0.338624,7.07861,7.06003,1.62152,-6.92598,1.00076,-19.8808,32.5039,26.3713,15.1067,-38.5357
1.0355,0.912635,0.106412,-0.148769,-0.359113,0.132832,0.398716,-0.0239141,1.47785,-1.04647,-0.880642,-0.572901,1.82259,-5.39558,-0.432468,7.23046,7.18298,1.69243,-7.10643,1.42626,-19.6305,31.4245,25.3909,14.7501,-37.4339
1.04025,0.912461,0.113427,-0.153657,-0.363215,0.130131,0.407292,-0.0495254,1.47558,-1.01177,-0.84624,-0.564697,1.78841,-5.38779,-0.525094,7.3771,7.3012,1.76162,-7.28155,1.85637,-19.3676,30.3129,24.3833,14.3806,-36.2976
1.045,0.912165,0.120429,-0.15838,-0.367152,0.127468,0.415704,-0.0750948,1.47286,-0.976395,-0.811288,-0.556169,1.75342,-5.37794,-0.61644,7.51838,7.41457,1.82903,-7.4512,2.29111,-19.0921,29.1693,23.3485,13.9981,-35.1268
1.04975,0.911748,0.127418,-0.162932,-0.370921,0.124847,0.423948,-0.100613,1.46972,-0.940358,-0.77581,-0.547325,1.71763,-5.36601,-0.706448,7.65415,7.52297,1.89458,-7.6152,2.73046,-18.8039,27.9936,22.2864,13.6027,-33.9215
1.0545,0.911209,0.134391,-0.167312,-0.374521,0.122269,0.43202,-0.126069,1.46616,-0.90369,-0.739828,-0.538173,1.68108,-5.35199,-0.795058,7.78427,7.62625,1.95823,-7.7734,3.17444,-18.5031,26.7858,21.1971,13.1943,-32.6817
1.05925,0.91055,0.141346,-0.171516,-0.377949,0.119735,0.439917,-0.151453,1.46217,-0.866417,-0.703369,-0.528724,1.6438,-5.33585,-0.882208,7.90857,7.7243,2.01991,-7.92562,3.62304,-18.1897,25.5459,20.0806,12.7731,-31.4075
1.064,0.90977,0.148281,-0.175542,-0.381203,0.117247,0.447635,-0.176756,1.45778,-0.828568,-0.666456,-0.518987,1.6058,-5.31757,-0.96784,8.0269,7.81698,2.07956,-8.07171,4.07626,-17.8637,24.2739,18.9368,12.3389,-30.0988
1.06875,0.908871,0.155194,-0.179387,-0.38428,0.114805,0.455171,-0.201967,1.45298,-0.790171,-0.629116,-0.508972,1.56712,-5.29712,-1.05189,8.13912,7.90415,2.13711,-8.21151,4.53411,-17.5251,22.9699,17.7658,11.8918,-28.7555
1.0735,0.907852,0.162084,-0.183048,-0.387179,0.112412,0.462522,-0.227075,1.44779,-0.751256,-0.591375,-0.498688,1.5278,-5.27448,-1.13431,8.24506,7.98571,2.19251,-8.34484,4.99657,-17.1738,21.6337,16.5675,11.4317,-27.3779
1.07825,0.906714,0.168947,-0.186523,-0.389897,0.110068,0.469684,-0.252071,1.44221,-0.711853,-0.553261,-0.488147,1.48786,-5.24964,-1.21503,8.34459,8.0615,2.24569,-8.47154,5.46366,-16.81,20.2655,15.342,10.9588,-25.9657
1.083,0.905457,0.175784,-0.18981,-0.392434,0.107775,0.476656,-0.276943,1.43625,-0.671993,-0.5148,-0.477358,1.44733,-5.22257,-1.29398,8.43754,8.13141,2.29659,-8.59146,5.93536,-16.4335,18.8652,14.0893,10.4729,-24.519
1.08775,0.904083,0.182591,-0.192906,-0.394787,0.105534,0.483433,-0.301682,1.42992,-0.631707,-0.476022,-0.466333,1.40625,-5.19325,-1.37112,8.52376,8.19531,2.34516,-8.70442,6.41169,-16.0444,17.4328,12.8093,9.97404,-23.0379
1.0925,0.902592,0.189368,-0.19581,-0.396956,0.103345,0.490014,-0.326275,1.42322,-0.591028,-0.436955,-0.455083,1.36465,-5.16165,-1.44638,8.6031,8.25306,2.39133,-8.81026,6.89264,-15.6427,15.9684,11.5021,9.46228,-21.5223
1.09725,0.900984,0.196111,-0.19852,-0.398938,0.101211,0.496397,-0.350714,1.41618,-0.549989,-0.397628,-0.443619,1.32257,-5.12776,-1.51971,8.67541,8.30454,2.43503,-8.90882,7.37821,-15.2283,14.4718,10.1677,8.93761,-19.9722
1.102,0.89926,0.202821,-0.201035,-0.400733,0.0991312,0.502578,-0.374985,1.40879,-0.508623,-0.358072,-0.431954,1.28003,-5.09155,-1.59104,8.74053,8.34961,2.47622,-8.99995,7.8672,-14.8028,12.948,8.81017,8.40178,-18.3926
1.10675,0.897422,0.209494,-0.203352,-0.402339,0.0971075,0.508556,-0.39908,1.40107,-0.466965,-0.318317,-0.420099,1.23708,-5.05304,-1.66034,8.79844,8.38826,2.51486,-9.08358,8.34946,-14.3786,11.4371,7.46485,7.86971,-16.8254
1.1115,0.895469,0.21613,-0.20547,-0.403757,0.0951405,0.51433,-0.422986,1.39302,-0.425049,-0.278393,-0.408067,1.19375,-5.01225,-1.72764,8.84922,8.42056,2.55099,-9.15982,8.82271,-13.9584,9.94842,6.13963,7.34476,-15.2801
1.11625,0.893404,0.222727,-0.207389,-0.404984,0.0932311,0.519896,-0.446693,1.38466,-0.382909,-0.238331,-0.395869,1.15007,-4.96924,-1.79295,8.89298,8.44661,2.58464,-9.22878,9.28695,-13.5423,8.48179,4.83452,6.82693,-13.7567
1.121,0.891226,0.229284,-0.209108,-0.406021,0.09138,0.525255,-0.47019,1.37599,-0.340577,-0.19816,-0.383516,1.10609,-4.92404,-1.8563,8.92983,8.46652,2.61586,-9.29055,9.74219,-13.1302,7.03726,3.54952,6.31622,-12.2552
1.12575,0.888937,0.235799,-0.210625,-0.406866,0.0895879,0.530404,-0.493468,1.36703,-0.298086,-0.157909,-0.371022,1.06182,-4.8767,-1.91769,8.95987,8.48037,2.64466,-9.34524,10.1884,-12.7221,5.61482,2.28462,5.81262,-10.7755
1.1305,0.886538,0.24227,-0.211939,-0.407521,0.0878555,0.535342,-0.516515,1.35777,-0.255469,-0.117606,-0.358396,1.01732,-4.82726,-1.97716,8.98321,8.48825,2.67109,-9.39295,10.6256,-12.3181,4.21448,1.03982,5.31615,-9.31773
1.13525,0.884031,0.248697,-0.213051,-0.407983,0.0861833,0.540068,-0.539323,1.34825,-0.212756,-0.0772798,-0.34565,0.9726,-4.77577,-2.03472,8.99994,8.49028,2.69517,-9.43379,11.0538,-11.9181,2.83623,-0.184863,4.8268,-7.88181
1.14,0.881415,0.255078,-0.213961,-0.408255,0.084572,0.544581,-0.561882,1.33845,-0.16998,-0.0369576,-0.332795,0.927706,-4.72226,-2.09039,9.01019,8.48653,2.71695,-9.46786,11.473,-11.5221,1.48008,-1.38944,4.34456,-6.46776
1.14475,0.878693,0.261412,-0.214666,-0.408335,0.0830219,0.548881,-0.584182,1.32839,-0.12717,0.00333324,-0.319843,0.882666,-4.66679,-2.14419,9.01404,8.47711,2.73646,-9.49527,11.8832,-11.1302,0.146022,-2.57392,3.86944,-5.07558
1.1495,0.875866,0.267698,-0.215169,-0.408223,0.0815336,0.552966,-0.606213,1.31808,-0.0843562,0.0435661,-0.306803,0.837512,-4.60939,-2.19613,9.01161,8.46211,2.75372,-9.51611,12.2844,-10.7424,-1.16594,-3.73829,3.40145,-3.70528
1.15425,0.872935,0.273934,-0.215468,-0.407921,0.0801074,0.556837,-0.627968,1.30753,-0.0415691,0.0837146,-0.293686,0.792273,-4.5501,-2.24625,9.003,8.44163,2.76878,-9.5305,12.6766,-10.3585,-2.45581,-4.88255,2.94057,-2.35685
1.159,0.869901,0.280119,-0.215564,-0.407428,0.0787437,0.560493,-0.649436,1.29674,0.00116263,0.123753,-0.280503,0.746982,-4.48897,-2.29455,8.98831,8.41576,2.78167,-9.53854,13.0598,-9.97877,-3.72358,-6.00671,2.48681,-1.03029
1.16375,0.866765,0.286252,-0.215457,-0.406745,0.0774427,0.563933,-0.67061,1.28573,0.0438104,0.163656,-0.267263,0.701667,-4.42605,-2.34105,8.96766,8.3846,2.79242,-9.54032,13.4339,-9.60303,-4.96926,-7.11076,2.04017,0.274394
1.1685,0.86353,0.292333,-0.215148,-0.405874,0.0762048,0.567159,-0.691481,1.27451,0.0863461,0.203398,-0.253978,0.656358,-4.36137,-2.38578,8.94114,8.34824,2.80106,-9.53597,13.7991,-9.23133,-6.19284,-8.19471,1.60065,1.55721
1.17325,0.860197,0.29836,-0.214637,-0.404813,0.07503,0.570169,-0.712041,1.26307,0.128742,0.242956,-0.240657,0.611085,-4.29497,-2.42876,8.90886,8.30678,2.80764,-9.52556,14.1552,-8.86367,-7.39432,-9.25854,1.16824,2.81815
1.178,0.856767,0.304332,-0.213925,-0.403566,0.0739186,0.572964,-0.732281,1.25144,0.170971,0.282305,-0.227309,0.565875,-4.22691,-2.46999,8.87093,8.26031,2.81217,-9.50923,14.5024,-8.50005,-8.57371,-10.3023,0.742961,4.05721
1.18275,0.853241,0.310248,-0.213013,-0.402132,0.0728706,0.575545,-0.752194,1.23961,0.213007,0.321421,-0.213944,0.520757,-4.15721,-2.50951,8.82745,8.20894,2.81471,-9.48706,14.8405,-8.14047,-9.73101,-11.3259,0.324796,5.27441
1.1875,0.849621,0.316108,-0.211902,-0.400513,0.0718861,0.577911,-0.771772,1.2276,0.254823,0.360282,-0.200572,0.475757,-4.08594,-2.54733,8.77852,8.15275,2.81527,-9.45916,15.1696,-7.78494,-10.8662,-12.3294,-0.0862488,6.46973
1.19225,0.845909,0.32191,-0.210592,-0.39871,0.0709652,0.580065,-0.791008,1.21541,0.296395,0.398865,-0.187202,0.430903,-4.01312,-2.58348,8.72425,8.09184,2.8139,-9.42563,15.4897,-7.43344,-11.9793,-13.3128,-0.490175,7.64318
1.197,0.842107,0.327654,-0.209086,-0.396724,0.0701077,0.582005,-0.809894,1.20306,0.337696,0.437147,-0.173843,0.386222,-3.9388,-2.61796,8.66475,8.02631,2.81062,-9.38658,15.8008,-7.08599,-13.0703,-14.2762,-0.886982,8.79476
1.20175,0.838216,0.333339,-0.207385,-0.394557,0.0693136,0.583734,-0.828424,1.19054,0.378702,0.475108,-0.160504,0.34174,-3.86302,-2.6508,8.60012,7.95625,2.80548,-9.34211,16.1029,-6.74258,-14.1392,-15.2194,-1.27667,9.92446
1.2065,0.834238,0.338964,-0.205489,-0.392211,0.0685829,0.585252,-0.84659,1.17788,0.419389,0.512725,-0.147194,0.297481,-3.78583,-2.68202,8.53046,7.88176,2.79851,-9.29233,16.396,-6.40321,-15.1861,-16.1425,-1.65924,11.0323
1.21125,0.830174,0.344528,-0.203401,-0.389687,0.0679152,0.586561,-0.864387,1.16507,0.459733,0.549978,-0.133921,0.253471,-3.70727,-2.71164,8.45589,7.80293,2.78973,-9.23734,16.6801,-6.06788,-16.2108,-17.0454,-2.03469,12.1182
1.216,0.826027,0.350032,-0.201122,-0.386987,0.0673105,0.587661,-0.881807,1.15212,0.499712,0.586846,-0.120694,0.209734,-3.62739,-2.73967,8.3765,7.71986,2.77919,-9.17724,16.9552,-5.73659,-17.2134,-17.9283,-2.40302,13.1823
1.22075,0.821797,0.355473,-0.198654,-0.384113,0.0667685,0.588554,-0.898845,1.13904,0.539303,0.62331,-0.107522,0.166295,-3.54621,-2.76614,8.2924,7.63264,2.76691,-9.11214,17.2212,-5.40934,-18.1939,-18.7911,-2.76423,14.2245
1.2255,0.817488,0.360853,-0.195999,-0.381066,0.066289,0.589241,-0.915494,1.12584,0.578483,0.659349,-0.0944112,0.123176,-3.4638,-2.79107,8.20369,7.54137,2.75294,-9.04214,17.4783,-5.08613,-19.1524,-19.6338,-3.11832,15.2449
1.23025,0.813101,0.366169,-0.193159,-0.377849,0.0658715,0.589724,-0.931749,1.11253,0.61723,0.694946,-0.0813713,0.080402,-3.38019,-2.81446,8.11048,7.44615,2.7373,-8.96735,17.7263,-4.76696,-20.0887,-20.4564,-3.4653,16.2434
1.235,0.808637,0.371421,-0.190137,-0.374465,0.0655158,0.590005,-0.947604,1.09911,0.655525,0.730082,-0.0684095,0.037994,-3.29541,-2.83636,8.01288,7.34707,2.72003,-8.88787,17.9654,-4.45183,-21.003,-21.2588,-3.80515,17.2199
1.23975,0.804099,0.37661,-0.186933,-0.370914,0.0652215,0.590086,-0.963054,1.08559,0.693346,0.764738,-0.0555335,-0.00402548,-3.20953,-2.85676,7.91099,7.24422,2.70116,-8.8038,18.1954,-4.14075,-21.8951,-22.0412,-4.13789,18.1747
1.2445,0.799489,0.381734,-0.183551,-0.367201,0.0649881,0.589968,-0.978093,1.07197,0.730673,0.798896,-0.0427509,-0.045635,-3.12257,-2.8757,7.80491,7.13771,2.68073,-8.71524,18.4164,-3.83371,-22.7652,-22.8034,-4.46351,19.1075
1.24925,0.794808,0.386794,-0.179992,-0.363326,0.0648152,0.589653,-0.992717,1.05827,0.767486,0.83254,-0.030069,-0.0868134,-3.03459,-2.89319,7.69475,7.02762,2.65877,-8.62231,18.6284,-3.5307,-23.6132,-23.5456,-4.782,20.0185
1.254,0.790059,0.391788,-0.17626,-0.359292,0.0647023,0.589144,-1.00692,1.04449,0.803767,0.865653,-0.0174949,-0.12754,-2.94562,-2.90925,7.58062,6.91406,2.63531,-8.5251,18.8314,-3.23174,-24.439,-24.2676,-5.09338,20.9076
1.25875,0.785243,0.396716,-0.172357,-0.355103,0.0646488,0.588442,-1.0207,1.03064,0.839496,0.898218,-0.00503579,-0.167795,-2.8557,-2.9239,7.46262,6.79711,2.6104,-8.42372,19.0254,-2.93682,-25.2428,-24.9695,-5.39764,21.7748
1.2635,0.780363,0.401579,-0.168286,-0.35076,0.0646543,0.58755,-1.03405,1.01671,0.874656,0.93022,0.00730158,-0.207559,-2.76489,-2.93716,7.34085,6.67688,2.58405,-8.31828,19.2104,-2.64594,-26.0245,-25.6514,-5.69478,22.6202
1.26825,0.77542,0.406375,-0.164049,-0.346267,0.064718,0.586471,-1.04696,1.00273,0.909228,0.961644,0.0195105,-0.246813,-2.67322,-2.94904,7.21542,6.55346,2.55631,-8.20886,19.3864,-2.3591,-26.7841,-26.3131,-5.9848,23.4437
1.273,0.770417,0.411105,-0.159649,-0.341625,0.0648394,0.585207,-1.05944,0.988701,0.943197,0.992473,0.0315843,-0.285537,-2.58073,-2.95957,7.08644,6.42694,2.5272,-8.09559,19.5533,-2.0763,-27.5215,-26.9547,-6.26771,24.2453
1.27775,0.765356,0.415768,-0.15509,-0.336839,0.0650178,0.583759,-1.07148,0.974621,0.976544,1.02269,0.0435168,-0.323715,-2.48748,-2.96877,6.954,6.29742,2.49677,-7.97857,19.7113,-1.79754,-28.2369,-27.5762,-6.54349,25.025
1.2825,0.760239,0.420363,-0.150373,-0.331911,0.0652526,0.582132,-1.08307,0.9605,1.00925,1.05229,0.0553016,-0.361328,-2.39349,-2.97666,6.81822,6.16499,2.46505,-7.85789,19.8603,-1.52282,-28.9302,-28.1776,-6.81215,25.7829
1.28725,0.755068,0.424892,-0.145503,-0.326843,0.0655429,0.580328,-1.09422,0.946345,1.04131,1.08126,0.0669328,-0.398359,-2.29882,-2.98325,6.6792,6.02976,2.43207,-7.73367,20.0002,-1.25215,-29.6014,-28.7589,-7.0737,26.5189
1.292,0.749845,0.429354,-0.140482,-0.32164,0.0658882,0.578349,-1.10491,0.932161,1.0727,1.10957,0.0784044,-0.434792,-2.2035,-2.98856,6.53704,5.89182,2.39786,-7.606,20.1311,-0.985512,-30.2505,-29.3201,-7.32812,27.233
1.29675,0.744572,0.433748,-0.135313,-0.316304,0.0662875,0.576198,-1.11515,0.917955,1.10341,1.13723,0.0897106,-0.470611,-2.10759,-2.99261,6.39185,5.75125,2.36246,-7.47499,20.2531,-0.722918,-30.8776,-29.8612,-7.57543,27.9253
1.3015,0.739251,0.438074,-0.13,-0.310837,0.0667402,0.573879,-1.12493,0.903733,1.13342,1.16421,0.100846,-0.505799,-2.01111,-2.99543,6.24374,5.60817,2.32591,-7.34074,20.366,-0.464365,-31.4825,-30.3822,-7.81562,28.5956
1.30625,0.733886,0.442333,-0.124547,-0.305245,0.0672453,0.571394,-1.13425,0.889501,1.16272,1.1905,0.111805,-0.540343,-1.91412,-2.99703,6.09281,5.46265,2.28823,-7.20336,20.4699,-0.209853,-32.0653,-30.8831,-8.04869,29.2441
1.311,0.728477,0.446524,-0.118956,-0.299529,0.067802,0.568747,-1.14311,0.875263,1.1913,1.2161,0.122582,-0.574227,-1.81666,-2.99743,5.93916,5.31481,2.24946,-7.06296,20.5648,0.0406187,-32.626,-31.3638,-8.27464,29.8708
1.31575,0.723027,0.450648,-0.113231,-0.293693,0.0684095,0.56594,-1.15151,0.861027,1.21914,1.24099,0.133173,-0.607436,-1.71877,-2.99665,5.78289,5.16473,2.20963,-6.91963,20.6507,0.287049,-33.1646,-31.8245,-8.49347,30.4755
1.3205,0.717538,0.454704,-0.107375,-0.28774,0.0690669,0.562977,-1.15944,0.846797,1.24623,1.26516,0.143572,-0.639959,-1.6205,-2.99471,5.62413,5.01251,2.16878,-6.77347,20.7276,0.529439,-33.6812,-32.265,-8.70518,31.0584
1.32525,0.712013,0.458693,-0.101393,-0.281675,0.0697731,0.559861,-1.16691,0.832579,1.27256,1.2886,0.153775,-0.67178,-1.52187,-2.99163,5.46296,4.85824,2.12694,-6.62461,20.7955,0.767787,-34.1756,-32.6855,-8.90977,31.6194
1.33,0.706453,0.462614,-0.0952869,-0.2755,0.0705274,0.556596,-1.1739,0.818378,1.29813,1.31131,0.163777,-0.702888,-1.42295,-2.98742,5.29949,4.70203,2.08415,-6.47312,20.8543,1.00209,-34.648,-33.0858,-9.10725,32.1586
1.33475,0.700862,0.466467,-0.0890616,-0.269219,0.0713287,0.553185,-1.18042,0.8042,1.32291,1.33327,0.173573,-0.733271,-1.32377,-2.98212,5.13384,4.54396,2.04043,-6.31913,20.9042,1.23236,-35.0982,-33.4661,-9.2976,32.6758
1.3395,0.69524,0.470254,-0.0827206,-0.262835,0.072176,0.549631,-1.18648,0.79005,1.34689,1.35447,0.183159,-0.762916,-1.22438,-2.97572,4.96609,4.38413,1.99583,-6.16274,20.9451,1.45859,-35.5264,-33.8262,-9.48084,33.1712
1.34425,0.689591,0.473973,-0.0762674,-0.256352,0.0730684,0.545939,-1.19205,0.775932,1.37008,1.37492,0.192532,-0.791813,-1.12481,-2.96827,4.79637,4.22264,1.95038,-6.00404,20.9769,1.68077,-35.9324,-34.1662,-9.65696,33.6448
1.349,0.683916,0.477625,-0.0697061,-0.249775,0.0740047,0.54211,-1.19716,0.761853,1.39246,1.39459,0.201687,-0.819951,-1.02511,-2.95976,4.62477,4.05959,1.9041,-5.84315,20.9997,1.89892,-36.3164,-34.4862,-9.82595,34.0964
1.35375,0.678219,0.481211,-0.0630404,-0.243105,0.074984,0.53815,-1.20179,0.747816,1.41401,1.41348,0.21062,-0.84732,-0.925325,-2.95023,4.4514,3.89506,1.85704,-5.68016,21.0136,2.11302,-36.6783,-34.786,-9.98783,34.5262
1.3585,0.6725,0.484729,-0.0562743,-0.236348,0.0760052,0.534062,-1.20595,0.733827,1.43474,1.43159,0.219327,-0.873909,-0.825496,-2.9397,4.27636,3.72915,1.80923,-5.51518,21.0184,2.32308,-37.018,-35.0657,-10.1426,34.9341
1.36325,0.666763,0.488182,-0.0494117,-0.229506,0.0770673,0.529849,-1.20964,0.719891,1.45464,1.4489,0.227806,-0.899711,-0.725665,-2.92817,4.09976,3.56196,1.7607,-5.34832,21.0142,2.5291,-37.3357,-35.3253,-10.2902,35.3201
1.368,0.661009,0.491569,-0.0424566,-0.222584,0.078169,0.525516,-1.21284,0.706011,1.47369,1.46542,0.236053,-0.924716,-0.625875,-2.91568,3.92171,3.39359,1.71148,-5.17968,21.001,2.73108,-37.6313,-35.5648,-10.4308,35.6843
1.37275,0.655241,0.494889,-0.035413,-0.215586,0.0793094,0.521066,-1.21558,0.692193,1.49189,1.48114,0.244064,-0.948915,-0.52617,-2.90223,3.7423,3.22413,1.66162,-5.00935,20.9788,2.92902,-37.9048,-35.7842,-10.5642,36.0266
1.3775,0.649462,0.498144,-0.028285,-0.208515,0.0804873,0.516503,-1.21784,0.678442,1.50924,1.49605,0.251837,-0.972302,-0.426591,-2.88786,3.56165,3.05367,1.61114,-4.83746,20.9476,3.12292,-38.1562,-35.9835,-10.6904,36.347
1.38225,0.643673,0.501335,-0.0210766,-0.201375,0.0817015,0.51183,-1.21963,0.66476,1.52572,1.51015,0.259369,-0.994869,-0.327182,-2.87257,3.37985,2.88232,1.56007,-4.66409,20.9074,3.31278,-38.3855,-36.1626,-10.8096,36.6455
1.387,0.637876,0.50446,-0.013792,-0.19417,0.0829509,0.507053,-1.22095,0.651154,1.54134,1.52343,0.266657,-1.01661,-0.227985,-2.85639,3.19702,2.71016,1.50846,-4.48936,20.8581,3.49859,-38.5927,-36.3217,-10.9216,36.9222
1.39175,0.632074,0.507521,-0.00643522,-0.186904,0.0842343,0.502174,-1.2218,0.637626,1.55609,1.5359,0.273699,-1.03752,-0.129044,-2.83934,3.01326,2.5373,1.45633,-4.31337,20.7999,3.68037,-38.7778,-36.4607,-11.0266,37.177
1.3965,0.62627,0.510517,0.000989523,-0.17958,0.0855506,0.497198,-1.22218,0.624181,1.56997,1.54754,0.280491,-1.05758,-0.0304005,-2.82143,2.82867,2.36382,1.40371,-4.13621,20.7327,3.8581,-38.9408,-36.5795,-11.1244,37.4099
1.40125,0.620464,0.51345,0.00847809,-0.172203,0.0868986,0.492128,-1.22209,0.610824,1.58296,1.55835,0.287033,-1.07681,0.0679021,-2.80269,2.64336,2.18982,1.35065,-3.95801,20.6564,4.0318,-39.0817,-36.6783,-11.2151,37.621
1.406,0.614661,0.51632,0.0160263,-0.164777,0.088277,0.486969,-1.22153,0.597557,1.59508,1.56834,0.293322,-1.09518,0.165821,-2.78314,2.45743,2.0154,1.29718,-3.77885,20.5711,4.20145,-39.2005,-36.757,-11.2986,37.8101
1.41075,0.608861,0.519127,0.0236299,-0.157305,0.0896848,0.481725,-1.22051,0.584385,1.60631,1.5775,0.299356,-1.11271,0.263314,-2.76279,2.27099,1.84066,1.24333,-3.59885,20.4769,4.36706,-39.2973,-36.8155,-11.3751,37.9774
1.4155,0.603067,0.521872,0.0312848,-0.149792,0.0911205,0.4764,-1.21903,0.571312,1.61665,1.58582,0.305133,-1.12937,0.360337,-2.74166,2.08414,1.66569,1.18913,-3.4181,20.3736,4.52863,-39.3719,-36.8539,-11.4444,38.1229
1.42025,0.597281,0.524555,0.0389867,-0.142241,0.0925831,0.470998,-1.21709,0.55834,1.62611,1.59332,0.310652,-1.14518,0.456848,-2.71977,1.89699,1.49058,1.13462,-3.23671,20.2613,4.68616,-39.4244,-36.8723,-11.5066,38.2464
1.425,0.591505,0.527177,0.0467314,-0.134657,0.0940713,0.465522,-1.21469,0.545475,1.63467,1.59998,0.315912,-1.16012,0.552805,-2.69715,1.70964,1.31543,1.07983,-3.05479,20.14,4.83965,-39.4549,-36.8705,-11.5617,38.3481
1.42975,0.585742,0.529737,0.0545147,-0.127043,0.0955839,0.459978,-1.21184,0.532719,1.64235,1.60582,0.32091,-1.1742,0.648164,-2.6738,1.5222,1.14034,1.02479,-2.87244,20.0097,4.9891,-39.4632,-36.8486,-11.6097,38.4279
1.4345,0.579993,0.532238,0.0623324,-0.119403,0.0971195,0.454369,-1.20854,0.520075,1.64914,1.61082,0.325647,-1.18741,0.742883,-2.64976,1.33477,0.965405,0.969547,-2.68976,19.8704,5.13451,-39.4495,-36.8066,-11.6506,38.4859
1.43925,0.574261,0.534678,0.0701801,-0.111741,0.0986771,0.448699,-1.20479,0.507547,1.65503,1.61499,0.330121,-1.19975,0.836919,-2.62503,1.14747,0.790713,0.914124,-2.50686,19.7221,5.27587,-39.4136,-36.7445,-11.6843,38.5219
1.444,0.568548,0.537059,0.0780537,-0.104062,0.100255,0.442973,-1.20059,0.495138,1.66004,1.61833,0.334331,-1.21122,0.930228,-2.59964,0.96038,0.616363,0.858558,-2.32384,19.5647,5.4132,-39.3557,-36.6623,-11.7109,38.5361
1.44875,0.562856,0.539382,0.085949,-0.0963685,0.101853,0.437194,-1.19595,0.482852,1.66415,1.62085,0.338277,-1.22183,1.02277,-2.57361,0.773622,0.442452,0.802882,-2.1408,19.3984,5.54648,-39.2757,-36.56,-11.7304,38.5285
1.4535,0.557187,0.541647,0.0938618,-0.0886651,0.103468,0.431367,-1.19087,0.47069,1.66739,1.62253,0.341958,-1.23156,1.1145,-2.54696,0.587296,0.269075,0.74713,-1.95785,19.2231,5.67573,-39.1735,-36.4376,-11.7428,38.4989
1.45825,0.551544,0.543854,0.101788,-0.0809557,0.105101,0.425495,-1.18536,0.458656,1.66973,1.6234,0.345374,-1.24043,1.20537,-2.5197,0.401508,0.0963265,0.691337,-1.77509,19.0387,5.80093,-39.0493,-36.2951,-11.748,38.4475
1.463,0.545927,0.546004,0.109723,-0.0732441,0.106749,0.419584,-1.17942,0.446754,1.6712,1.62345,0.348526,-1.24842,1.29535,-2.49185,0.216363,-0.075697,0.635535,-1.59263,18.8453,5.92209,-38.903,-36.1325,-11.7462,38.3742
1.46775,0.54034,0.548098,0.117663,-0.0655342,0.108412,0.413637,-1.17306,0.434985,1.67179,1.62268,0.351412,-1.25556,1.38439,-2.46344,0.0319652,-0.2469,0.579759,-1.41057,18.643,6.03921,-38.7346,-35.9498,-11.7372,38.279
1.4725,0.534784,0.550137,0.125604,-0.0578299,0.110087,0.407657,-1.16627,0.423352,1.67151,1.62111,0.354033,-1.26182,1.47245,-2.43449,-0.15158,-0.417188,0.524043,-1.22902,18.4316,6.15229,-38.544,-35.7469,-11.7211,38.162
1.47725,0.529261,0.55212,0.133541,-0.050135,0.111774,0.401651,-1.15907,0.411858,1.67035,1.61872,0.35639,-1.26723,1.55948,-2.405,-0.334168,-0.586464,0.46842,-1.04807,18.2112,6.26133,-38.3314,-35.524,-11.6979,38.0231
1.482,0.523773,0.55405,0.141471,-0.0424533,0.113472,0.39562,-1.15146,0.400505,1.66833,1.61554,0.358484,-1.27178,1.64544,-2.37501,-0.515694,-0.754634,0.412924,-0.867834,17.9818,6.36633,-38.0967,-35.281,-11.6676,37.8623
1.48675,0.518323,0.555925,0.149389,-0.0347886,0.11518,0.38957,-1.14344,0.389296,1.66546,1.61156,0.360314,-1.27548,1.73029,-2.34453,-0.696052,-0.921602,0.35759,-0.688413,17.7434,6.46729,-37.8399,-35.0178,-11.6301,37.6796
1.4915,0.512911,0.557748,0.157291,-0.0271448,0.116895,0.383504,-1.13502,0.378233,1.66172,1.60678,0.361881,-1.27832,1.81399,-2.31358,-0.875138,-1.08727,0.30245,-0.509912,17.496,6.5642,-37.5611,-34.7345,-11.5855,37.4751
1.49625,0.507541,0.559519,0.165174,-0.0195254,0.118617,0.377427,-1.12621,0.367318,1.65714,1.60123,0.363187,-1.28032,1.89649,-2.28218,-1.05285,-1.25155,0.247538,-0.332434,17.2396,6.65708,-37.2601,-34.4312,-11.5338,37.2487
1.501,0.502213,0.561238,0.173033,-0.0119343,0.120345,0.371343,-1.11701,0.356553,1.65172,1.5949,0.364233,-1.28148,1.97775,-2.25034,-1.22907,-1.41434,0.19289,-0.156084,16.9742,6.74591,-36.937,-34.1077,-11.475,37.0004
1.50575,0.49693,0.562906,0.180864,-0.00437513,0.122077,0.365255,-1.10742,0.34594,1.64547,1.5878,0.36502,-1.28181,2.05773,-2.2181,-1.40371,-1.57554,0.138537,0.0190352,16.6997,6.8307,-36.5918,-33.7641,-11.4091,36.7303
1.5105,0.491693,0.564525,0.188663,0.00314852,0.123812,0.359167,-1.09746,0.335482,1.63839,1.57993,0.36555,-1.28131,2.13638,-2.18546,-1.57666,-1.73506,0.0845144,0.192819,16.4163,6.91146,-36.2245,-33.4005,-11.336,36.4383
1.51525,0.486504,0.566094,0.196427,0.010633,0.125549,0.353083,-1.08713,0.325179,1.63049,1.57131,0.365824,-1.27998,2.21367,-2.15244,-1.74781,-1.89281,0.0308558,0.365164,16.1238,6.98817,-35.8352,-33.0167,-11.2559,36.1244
1.52,0.481366,0.567614,0.204152,0.0180748,0.127287,0.347008,-1.07644,0.315034,1.62179,1.56195,0.365843,-1.27784,2.28954,-2.11908,-1.91706,-2.04869,-0.0224051,0.535966,15.8224,7.06084,-35.4237,-32.6128,-11.1686,35.7886
1.52475,0.476279,0.569087,0.211833,0.0254704,0.129024,0.340945,-1.06538,0.305048,1.61229,1.55186,0.365611,-1.27489,2.36397,-2.08537,-2.0843,-2.2026,-0.0752345,0.705121,15.5119,7.12947,-34.9902,-32.1888,-11.0742,35.431
1.5295,0.471245,0.570512,0.219467,0.0328163,0.13076,0.334898,-1.05398,0.295223,1.60199,1.54103,0.365129,-1.27114,2.43689,-2.05135,-2.24943,-2.35445,-0.127598,0.872525,15.1924,7.19406,-34.5345,-31.7447,-10.9727,35.0514
1.53425,0.466266,0.571892,0.227051,0.0401091,0.132493,0.328871,-1.04223,0.285561,1.59092,1.52949,0.3644,-1.2666,2.50828,-2.01703,-2.41234,-2.50414,-0.179463,1.03808,14.8639,7.2546,-34.0567,-31.2805,-10.864,34.6501
1.539,0.461344,0.573225,0.23458,0.0473454,0.134221,0.322867,-1.03015,0.276062,1.57908,1.51725,0.363425,-1.26128,2.57809,-1.98244,-2.57294,-2.65158,-0.230795,1.20167,14.5264,7.31111,-33.5569,-30.7962,-10.7482,34.2268
1.54375,0.456481,0.574514,0.242051,0.0545218,0.135945,0.31689,-1.01775,0.266728,1.56648,1.50431,0.362208,-1.25519,2.64627,-1.94759,-2.7311,-2.79668,-0.28156,1.36319,14.1799,7.36358,-33.035,-30.2917,-10.6254,33.7817
1.5485,0.451676,0.57576,0.24946,0.0616352,0.137662,0.310943,-1.00502,0.25756,1.55314,1.49068,0.360752,-1.24834,2.71278,-1.91249,-2.88673,-2.93932,-0.331725,1.52256,13.8244,7.412,-32.4909,-29.7672,-10.4954,33.3147
1.55325,0.446933,0.576961,0.256804,0.0686822,0.139372,0.305032,-0.991977,0.24856,1.53906,1.47639,0.359058,-1.24073,2.77758,-1.87718,-3.03973,-3.07943,-0.381255,1.67965,13.4599,7.45639,-31.9248,-29.2226,-10.3582,32.8258
1.558,0.442253,0.578121,0.26408,0.0756598,0.141073,0.299158,-0.978633,0.239728,1.52426,1.46143,0.357131,-1.23238,2.84063,-1.84166,-3.18998,-3.21691,-0.430117,1.83437,13.0864,7.49673,-31.3366,-28.6578,-10.214,32.315
1.56275,0.437637,0.579239,0.271284,0.0825648,0.142764,0.293325,-0.964994,0.231064,1.50876,1.44583,0.354973,-1.22331,2.90189,-1.80597,-3.33739,-3.35165,-0.478277,1.98661,12.7038,7.53303,-30.7263,-28.073,-10.0626,31.7824
1.5675,0.433086,0.580316,0.278412,0.0893942,0.144445,0.287537,-0.951068,0.222571,1.49256,1.42959,0.352588,-1.21352,2.96131,-1.77011,-3.48185,-3.48357,-0.525701,2.13627,12.3123,7.56529,-30.0938,-27.468,-9.90416,31.2279
1.57225,0.428602,0.581354,0.285462,0.096145,0.146113,0.281798,-0.936864,0.214249,1.47569,1.41274,0.34998,-1.20302,3.01884,-1.7341,-3.62325,-3.61256,-0.572355,2.28324,11.9117,7.59351,-29.4393,-26.843,-9.73856,30.6516
1.577,0.424186,0.582352,0.29243,0.102814,0.147769,0.27611,-0.922392,0.206097,1.45815,1.39528,0.347152,-1.19183,3.07445,-1.69797,-3.76149,-3.73854,-0.618206,2.42742,11.5022,7.61769,-28.7627,-26.1978,-9.56584,30.0533
1.58175,0.41984,0.583312,0.299313,0.109399,0.149411,0.270477,-0.90766,0.198118,1.43996,1.37723,0.344108,-1.17996,3.1281,-1.66174,-3.89646,-3.86141,-0.663219,2.56871,11.0836,7.63783,-28.064,-25.5326,-9.38601,29.4332
1.5865,0.415564,0.584235,0.306109,0.115897,0.151038,0.264901,-0.892678,0.190311,1.42114,1.3586,0.340853,-1.16743,3.17973,-1.62542,-4.02806,-3.98107,-0.707362,2.707,10.656,7.65393,-27.3432,-24.8472,-9.19905,28.7912
1.59125,0.41136,0.58512,0.312813,0.122305,0.152649,0.259387,-0.877456,0.182677,1.4017,1.33941,0.33739,-1.15425,3.22932,-1.58903,-4.15619,-4.09743,-0.750599,2.84219,10.2194,7.66598,-26.6003,-24.1417,-9.00498,28.1274
1.596,0.407228,0.58597,0.319424,0.128621,0.154243,0.253937,-0.862003,0.175215,1.38166,1.31968,0.333724,-1.14044,3.2768,-1.5526,-4.28073,-4.21039,-0.792898,2.97418,9.77385,7.674,-25.8354,-23.4161,-8.80379,27.4416
1.60075,0.403171,0.586785,0.325938,0.134841,0.155819,0.248554,-0.84633,0.167927,1.36104,1.29942,0.329859,-1.126,3.32215,-1.51614,-4.40159,-4.31985,-0.834224,3.10285,9.31924,7.67797,-25.0483,-22.6704,-8.59548,26.734
1.6055,0.399189,0.587566,0.332353,0.140964,0.157376,0.243241,-0.830446,0.160812,1.33985,1.27865,0.3258,-1.11096,3.36532,-1.47967,-4.51865,-4.42572,-0.874543,3.22812,8.85563,7.67791,-24.2391,-21.9046,-8.38005,26.0045
1.61025,0.395282,0.588313,0.338666,0.146988,0.158913,0.238001,-0.814363,0.15387,1.31812,1.25738,0.321552,-1.09534,3.40627,-1.4432,-4.63182,-4.52791,-0.913823,3.34986,8.38301,7.6738,-23.4078,-21.1187,-8.1575,25.2532
1.615,0.391453,0.589028,0.344874,0.152909,0.16043,0.232836,-0.79809,0.147101,1.29585,1.23564,0.317121,-1.07915,3.44495,-1.40677,-4.74099,-4.62632,-0.952028,3.46799,7.90139,7.66565,-22.5545,-20.3127,-7.92783,24.48
1.61975,0.387701,0.589711,0.350975,0.158725,0.161926,0.22775,-0.781639,0.140506,1.27308,1.21344,0.31251,-1.0624,3.48132,-1.37039,-4.84606,-4.72085,-0.989126,3.58239,7.41075,7.65346,-21.679,-19.4866,-7.69104,23.6849
1.6245,0.384027,0.590363,0.356968,0.164436,0.163399,0.222744,-0.765021,0.134083,1.24982,1.1908,0.307726,-1.04512,3.51534,-1.33407,-4.94691,-4.81141,-1.02508,3.69296,6.91111,7.63723,-20.7815,-18.6404,-7.44713,22.8679
1.62925,0.380433,0.590985,0.362848,0.170037,0.164849,0.217822,-0.748247,0.127832,1.22609,1.16774,0.302773,-1.02732,3.54696,-1.29784,-5.04344,-4.8979,-1.05986,3.7996,6.40245,7.61696,-19.8618,-17.7741,-7.19611,22.0291
1.634,0.376919,0.591578,0.368615,0.175528,0.166275,0.212985,-0.731329,0.121753,1.20192,1.14427,0.297659,-1.00903,3.57614,-1.26171,-5.13556,-4.98023,-1.09343,3.9022,5.88479,7.59265,-18.9201,-16.8876,-6.93796,21.1684
1.63875,0.373486,0.592142,0.374266,0.180907,0.167676,0.208237,-0.714278,0.115845,1.17731,1.12043,0.292388,-0.990258,3.60285,-1.22572,-5.22315,-5.0583,-1.12576,4.00066,5.35812,7.5643,-17.9562,-15.9811,-6.6727,20.2858
1.6435,0.370134,0.592678,0.379799,0.186172,0.169052,0.203579,-0.697106,0.110109,1.1523,1.09623,0.286966,-0.97103,3.62703,-1.18986,-5.30611,-5.13202,-1.15681,4.09488,4.82245,7.5319,-16.9703,-15.0544,-6.40031,19.3813
1.64825,0.366863,0.593188,0.385212,0.191321,0.170402,0.199013,-0.679825,0.104542,1.12691,1.07168,0.2814,-0.951364,3.64865,-1.15417,-5.38433,-5.20129,-1.18655,4.18475,4.27776,7.49547,-15.9622,-14.1077,-6.12081,18.455
1.653,0.363675,0.593672,0.390504,0.196352,0.171726,0.194541,-0.662448,0.0991436,1.10116,1.04682,0.275696,-0.931282,3.66766,-1.11866,-5.45771,-5.26601,-1.21495,4.27017,3.72407,7.45499,-14.9321,-13.1408,-5.83419,17.5068
1.65775,0.36057,0.59413,0.395672,0.201265,0.173021,0.190166,-0.644987,0.0939139,1.07507,1.02166,0.26986,-0.910804,3.68401,-1.08335,-5.52615,-5.32609,-1.24197,4.35103,3.16137,7.41048,-13.8799,-12.1539,-5.54045,16.5367
1.6625,0.357548,0.594564,0.400716,0.206058,0.174289,0.185889,-0.627454,0.0888514,1.04867,0.996232,0.2639,-0.889954,3.69768,-1.04827,-5.58954,-5.38144,-1.26757,4.42723,2.58966,7.36192,-12.8056,-11.1468,-5.23959,15.5448
1.66725,0.35461,0.594975,0.405634,0.210729,0.175528,0.181712,-0.609863,0.083955,1.02198,0.970548,0.257821,-0.868753,3.7086,-1.01342,-5.64777,-5.43196,-1.29173,4.49867,2.00894,7.30932,-11.7092,-10.1196,-4.93161,14.5309
1.672,0.351755,0.595362,0.410425,0.215278,0.176738,0.177637,-0.592227,0.0792235,0.995025,0.944636,0.25163,-0.847225,3.71675,-0.978834,-5.70074,-5.47755,-1.31441,4.56524,1.41921,7.25268,-10.5906,-9.07234,-4.61652,13.4953
1.67675,0.348983,0.595727,0.415087,0.219703,0.177918,0.173664,-0.574558,0.0746556,0.967831,0.918519,0.245336,-0.825391,3.72207,-0.944526,-5.74835,-5.51811,-1.33558,4.62684,0.820476,7.192,-9.45004,-8.00495,-4.2943,12.4377
1.6815,0.346296,0.596072,0.419619,0.224003,0.179069,0.169796,-0.556872,0.07025,0.940424,0.892222,0.238945,-0.803278,3.72453,-0.910517,-5.79048,-5.55356,-1.3552,4.68336,0.212733,7.12728,-8.28735,-6.91746,-3.96496,11.3582
1.68625,0.343693,0.596395,0.42402,0.228179,0.180188,0.166033,-0.53918,0.0660052,0.912831,0.865768,0.232464,-0.780908,3.72408,-0.876824,-5.82704,-5.5838,-1.37323,4.73471,-0.404019,7.05852,-7.10255,-5.80986,-3.62851,10.2569
1.691,0.341174,0.596699,0.42829,0.232228,0.181277,0.162378,-0.521497,0.0619197,0.885077,0.839184,0.225902,-0.758306,3.72067,-0.843467,-5.85792,-5.60872,-1.38966,4.78077,-1.02978,6.98572,-5.89566,-4.68216,-3.28494,9.13375
1.69575,0.338739,0.596984,0.432428,0.236151,0.182334,0.15883,-0.503838,0.0579917,0.85719,0.812494,0.219265,-0.735499,3.71428,-0.810466,-5.88301,-5.62825,-1.40443,4.82145,-1.66455,6.90887,-4.66668,-3.53435,-2.93424,7.98869
1.7005,0.336388,0.59725,0.436434,0.239946,0.18336,0.155391,-0.486217,0.0542197,0.829197,0.785724,0.212562,-0.712511,3.70485,-0.777839,-5.90222,-5.64227,-1.41752,4.85663,-2.30832,6.82799,-3.4156,-2.36643,-2.57643,6.82176
1.70525,0.33412,0.597499,0.440306,0.243615,0.184354,0.152061,-0.468647,0.0506016,0.801128,0.758901,0.205801,-0.68937,3.69234,-0.745606,-5.91543,-5.6507,-1.42889,4.88622,-2.96111,6.74306,-2.14242,-1.17841,-2.2115,5.63296
1.71,0.331935,0.597731,0.444044,0.247156,0.185315,0.148842,-0.451144,0.0471357,0.77301,0.732052,0.198991,-0.666101,3.6767,-0.713786,-5.92254,-5.65343,-1.43852,4.91011,-3.6229,6.6541,-0.847154,0.0297146,-1.83945,4.42228
1.71475,0.329834,0.597947,0.447649,0.250569,0.186244,0.145733,-0.433723,0.04382,0.744874,0.705203,0.192138,-0.642733,3.6579,-0.682399,-5.92344,-5.65038,-1.44636,4.92819,-4.2937,6.56109,0.470211,1.25795,-1.46028,3.18974
1.7195,0.327815,0.598148,0.451121,0.253855,0.18714,0.142736,-0.416399,0.0406522,0.716748,0.678383,0.185253,-0.619293,3.6359,-0.651462,-5.91804,-5.64145,-1.45238,4.94038,-4.97351,6.46404,1.80967,2.50629,-1.07399,1.93531
1.72425,0.325878,0.598333,0.454458,0.257014,0.188004,0.13985,-0.399188,0.0376303,0.688662,0.651619,0.178344,-0.595809,3.61064,-0.620997,-5.90621,-5.62654,-1.45655,4.94655,-5.66233,6.36295,3.17123,3.77473,-0.680588,0.659021
1.729,0.324022,0.598505,0.457663,0.260046,0.188834,0.137076,-0.382104,0.034752,0.660649,0.62494,0.171419,-0.57231,3.58209,-0.591021,-5.88787,-5.60556,-1.45883,4.9466,-6.36016,6.25782,4.55488,5.06328,-0.280062,-0.639145
1.73375,0.322248,0.598664,0.460735,0.262951,0.189632,0.134413,-0.365163,0.0320148,0.632738,0.598376,0.164488,-0.548826,3.5502,-0.561554,-5.86291,-5.57841,-1.4592,4.94044,-7.06699,6.14865,5.96062,6.37194,0.127583,-1.95918
1.7385,0.320553,0.59881,0.463674,0.265731,0.190397,0.131862,-0.348382,0.0294164,0.604962,0.571955,0.15756,-0.525386,3.51494,-0.532615,-5.83121,-5.54499,-1.45761,4.92795,-7.78284,6.03544,7.38847,7.7007,0.542347,-3.3011
1.74325,0.318938,0.598943,0.466482,0.268385,0.191129,0.129422,-0.331776,0.0269541,0.577352,0.545708,0.150644,-0.502021,3.47625,-0.504224,-5.79268,-5.50522,-1.45403,4.90904,-8.50769,5.91818,8.8384,9.04957,0.96423,-4.66488
1.748,0.317401,0.599066,0.469159,0.270915,0.191828,0.127092,-0.315363,0.0246254,0.549942,0.519666,0.143749,-0.47876,3.4341,-0.476399,-5.74721,-5.45899,-1.44844,4.8836,-9.24155,5.79689,10.3104,10.4185,1.39323,-6.05054
1.75275,0.315941,0.599178,0.471707,0.273322,0.192495,0.124873,-0.299158,0.0224274,0.522765,0.493858,0.136887,-0.455637,3.38844,-0.44916,-5.6947,-5.40621,-1.44079,4.85153,-9.98441,5.67155,11.8046,11.8076,1.82935,-7.45807
1.7575,0.314558,0.599279,0.474126,0.275607,0.193129,0.122764,-0.283178,0.0203574,0.495854,0.468317,0.130065,-0.432682,3.33924,-0.422525,-5.63503,-5.34678,-1.43105,4.81272,-10.7363,5.54218,13.3208,13.2168,2.27259,-8.88747
1.76225,0.313251,0.599371,0.476418,0.277772,0.19373,0.120763,-0.267441,0.0184124,0.469244,0.443075,0.123295,-0.409927,3.28644,-0.396515,-5.56812,-5.28062,-1.41919,4.76706,-11.4972,5.40876,14.8591,14.6461,2.72295,-10.3387
1.767,0.312017,0.599454,0.478584,0.279817,0.1943,0.118869,-0.251963,0.0165895,0.442969,0.418162,0.116586,-0.387405,3.23,-0.371149,-5.49384,-5.20761,-1.40517,4.71446,-12.2671,5.2713,16.4195,16.0955,3.18043,-11.8119
1.77175,0.310857,0.599529,0.480627,0.281745,0.194838,0.117082,-0.236762,0.0148855,0.417064,0.393613,0.10995,-0.365151,3.16988,-0.346444,-5.4121,-5.12768,-1.38896,4.65482,-13.046,5.1298,18.002,17.565,3.64503,-13.3069
1.7765,0.309768,0.599596,0.482547,0.283557,0.195345,0.1154,-0.221855,0.0132972,0.391566,0.36946,0.103395,-0.343196,3.10605,-0.322422,-5.32278,-5.04072,-1.37053,4.58801,-13.8339,4.98426,19.6066,19.0546,4.11674,-14.8238
1.78125,0.308749,0.599655,0.484347,0.285256,0.19582,0.113821,-0.20726,0.0118214,0.36651,0.345738,0.0969331,-0.321576,3.03845,-0.2991,-5.2258,-4.94663,-1.34984,4.51396,-14.6308,4.83468,21.2333,20.5643,4.59558,-16.3626
1.786,0.307798,0.599708,0.48603,0.286842,0.196266,0.112344,-0.192996,0.0104546,0.341933,0.322479,0.090575,-0.300325,2.96704,-0.276499,-5.12103,-4.84532,-1.32686,4.43254,-15.4367,4.68106,22.8821,22.0942,5.08153,-17.9232
1.79075,0.306915,0.599755,0.487597,0.28832,0.196681,0.110967,-0.17908,0.00919345,0.317872,0.299719,0.0843316,-0.279479,2.89179,-0.254637,-5.00838,-4.7367,-1.30156,4.34365,-16.2517,4.5234,24.553,23.6441,5.57461,-19.5057
1.7955,0.306096,0.599796,0.48905,0.289691,0.197067,0.109688,-0.16553,0.00803435,0.294366,0.277492,0.0782139,-0.259072,2.81264,-0.233533,-4.88774,-4.62067,-1.27389,4.2472,-17.0756,4.3617,26.246,25.2141,6.0748,-21.1101
1.80025,0.305341,0.599831,0.490394,0.290957,0.197424,0.108505,-0.152366,0.00697366,0.271452,0.255834,0.0722334,-0.239142,2.72955,-0.213207,-4.75901,-4.49714,-1.24383,4.14307,-17.9085,4.19595,27.9611,26.8043,6.58211,-22.7364
1.805,0.304648,0.599862,0.49163,0.292122,0.197754,0.107416,-0.139606,0.00600762,0.249168,0.234781,0.0664014,-0.219726,2.64249,-0.193678,-4.62208,-4.366,-1.21135,4.03117,-18.7505,4.02617,29.6982,28.4145,7.09654,-24.3845
1.80975,0.304015,0.599889,0.492762,0.293188,0.198055,0.106417,-0.127268,0.00513242,0.227555,0.214369,0.0607295,-0.200859,2.55141,-0.174965,-4.47684,-4.22717,-1.1764,3.91138,-19.6015,3.85234,31.4575,30.0449,7.61809,-26.0545
1.8145,0.303438,0.599911,0.493793,0.294159,0.198331,0.105507,-0.115374,0.00434414,0.206652,0.194635,0.0552295,-0.18258,2.45626,-0.157087,-4.3232,-4.08054,-1.13897,3.78361,-20.4615,3.67447,33.2389,31.6953,8.14676,-27.7464
1.81925,0.302918,0.59993,0.494726,0.295039,0.19858,0.104681,-0.10394,0.00363875,0.186498,0.175617,0.0499133,-0.164927,2.35701,-0.140064,-4.16104,-3.92603,-1.099,3.64776,-21.3304,3.49256,35.0423,33.3659,8.68255,-29.4601
1.824,0.30245,0.599946,0.495566,0.295829,0.198805,0.103939,-0.0929886,0.00301215,0.167135,0.157351,0.044793,-0.147939,2.25361,-0.123914,-3.99026,-3.76353,-1.05647,3.50371,-22.2084,3.30662,36.8679,35.0565,9.22546,-31.1957
1.82875,0.302034,0.599959,0.496316,0.296535,0.199006,0.103275,-0.0825378,0.00246015,0.148605,0.139876,0.0398809,-0.131655,2.14602,-0.108657,-3.81076,-3.59296,-1.01135,3.35136,-23.0954,3.11663,38.7155,36.7673,9.77548,-32.9532
1.8335,0.301665,0.599969,0.496979,0.297159,0.199184,0.102687,-0.0726081,0.00197846,0.130947,0.123231,0.0351894,-0.116115,2.03419,-0.0943124,-3.62243,-3.41421,-0.963592,3.19062,-23.9914,2.92259,40.5853,38.4982,10.3326,-34.7326
1.83825,0.301343,0.599978,0.497561,0.297707,0.199341,0.102171,-0.0632198,0.00156271,0.114206,0.107454,0.030731,-0.101358,1.91808,-0.0808989,-3.42516,-3.2272,-0.913175,3.02137,-24.8965,2.72452,42.4771,40.2492,10.8969,-36.5338
1.843,0.301064,0.599984,0.498066,0.298181,0.199477,0.101723,-0.0543932,0.00120842,0.0984225,0.0925856,0.0265185,-0.0874253,1.79766,-0.0684358,-3.21886,-3.03181,-0.860061,2.84351,-25.8105,2.52241,44.3911,42.0203,11.4683,-38.3569
1.84775,0.300825,0.599989,0.498498,0.298588,0.199593,0.101339,-0.0461489,0.000911033,0.083641,0.0786652,0.0225648,-0.0743582,1.67287,-0.0569424,-3.00341,-2.82797,-0.804215,2.65694,-26.7335,2.31626,46.3271,43.8115,12.0468,-40.2019
1.8525,0.300624,0.599993,0.498862,0.29893,0.199692,0.101015,-0.0385079,0.0006659,0.0699047,0.0657334,0.0188828,-0.0621983,1.54368,-0.0464378,-2.77872,-2.61557,-0.745605,2.46156,-27.6656,2.10606,48.2852,45.6228,12.6324,-42.0688
1.85725,0.300458,0.599996,0.499163,0.299214,0.199773,0.100746,-0.0314911,0.000468278,0.057258,0.053831,0.0154859,-0.0509876,1.41003,-0.0369412,-2.54467,-2.39452,-0.684196,2.25726,-28.6066,1.89183,50.2654,47.4542,13.2251,-43.9575
1.862,0.300324,0.599997,0.499408,0.299443,0.199839,0.100529,-0.0251197,0.000313332,0.0457453,0.0429993,0.0123874,-0.0407687,1.2719,-0.0284718,-2.30116,-2.16473,-0.619955,2.04393,-29.5567,1.67355,52.2677,49.3057,13.825,-45.8681
1.86675,0.300219,0.599999,0.4996,0.299624,0.199891,0.100357,-0.0194152,0.000196138,0.0354121,0.0332801,0.0096009,-0.0315847,1.12923,-0.0210489,-2.04809,-1.92609,-0.552848,1.82147,-30.5157,1.45123,54.2922,51.1773,14.432,-47.8006
1.8715,0.300139,0.599999,0.499746,0.299761,0.199931,0.100227,-0.0143992,0.000111681,0.0263038,0.0247156,0.00713999,-0.0234793,0.981984,-0.0146915,-1.78535,-1.67851,-0.48284,1.58979,-31.4838,1.22487,56.3387,53.0691,15.0461,-49.7549
1.87625,0.300081,0.6,0.499852,0.299861,0.19996,0.100133,-0.0100937,5.48513e-05,0.0184667,0.0173485,0.00501857,-0.0164965,0.830119,-0.00941897,-1.51284,-1.4219,-0.409899,1.34877,-32.4609,0.994475,58.4073,54.9809,15.6673,-51.7312
1.881,0.300042,0.6,0.499924,0.299928,0.199979,0.100068,-0.00652049,2.04523e-05,0.0119475,0.011222,0.00325065,-0.0106809,0.673592,-0.00525041,-1.23045,-1.15616,-0.33399,1.09831,-33.447,0.760035,60.498,56.9128,16.2956,-53.7292
1.88575,0.300018,0.6,0.499967,0.299969,0.199991,0.100029,-0.00370199,3.19399e-06,0.00679327,0.00637965,0.00185042,-0.00607768,0.512359,-0.00220504,-0.938073,-0.881194,-0.255079,0.838304,-34.4421,0.521553,62.6108,58.8649,16.9311,-55.7492
1.8905,0.300005,0.6,0.49999,0.299991,0.199997,0.100009,-0.0016606,-2.30436e-06,0.00305176,0.00286544,0.000832208,-0.00273232,0.346378,-0.000302052,-0.63561,-0.59691,-0.173133,0.568655,-35.4462,0.279031,64.7456,60.837,17.5736,-57.7911
1.89525,0.300001,0.6,0.499999,0.299999,0.2,0.100001,-0.000418985,-1.51467e-06,0.000771113,0.000723909,0.000210515,-0.000690901,0.175606,0.000439359,-0.322954,-0.303211,-0.088118,0.289255,-36.4593,0.0324685,66.9026,62.8293,18.2233,-59.8548
1.9,0.3,0.6,0.5,0.3,0.2,0.1,7.77156e-15,5.55112e-16,0,2.44249e-14,2.22045e-15,-2.22045e-15,2.77556e-14,2.77556e-15,0,7.77156e-14,5.55112e-15,1.11022e-14,-37.4814,-0.218135,69.0817,64.8417,18.8802,-61.9403
